lgd_state_code,lgd_district_code,district_name,state_name,confidence_score,demand_chronic_composite,demand_acute_composite,realizability_chronic_composite,realizability_acute_composite
36,501,Adilabad,Telangana,1.0,0.3327679944080548,0.555855063058436,0.30194526179587744,0.40302886906524305
23,667,Agar-Malwa,Madhya Pradesh,0.368421052631579,0.2880810699230687,0.5053173701009281,0.2866810223555164,0.3295992199224832
9,118,Agra,Uttar Pradesh,0.368421052631579,0.3576899670495409,0.5376996402578511,0.323155510646047,0.3811916030093193
24,438,Ahmedabad,Gujarat,1.0,0.5152709310924622,0.5070364642225642,0.5935123617759723,0.7680269198570027
27,466,Ahmednagar,Maharashtra,1.0,0.3947052684630182,0.567515485990266,0.4483642957199242,0.5365915449003776
15,261,Aizawl,Mizoram,1.0,0.48697827750759837,0.24124416301341256,0.3147399418606483,0.796818586104731
8,86,Ajmer,Rajasthan,0.368421052631579,0.3547145321566716,0.49069707409707075,0.3435594651888784,0.6075070504747679
27,467,Akola,Maharashtra,1.0,0.26321955678343323,0.5647540244145081,0.42654451131560406,0.551500132525834
32,554,Alappuzha,Kerala,1.0,0.6576171707817463,0.40201850794236815,0.598725991086813,0.6957832498338568
9,119,Aligarh,Uttar Pradesh,0.368421052631579,0.35628823241650637,0.5402858349096049,0.4060806917986958,0.4925288686468795
19,664,Alipurduar,West Bengal,0.368421052631579,0.47357077550156373,0.6194001887184407,0.3473228995666849,0.42371742335616064
23,639,Alirajpur,Madhya Pradesh,0.368421052631579,0.29054556236033396,0.4945527826175231,0.19724635134780794,0.25466632192976846
28,745,Alluri Sitharama Raju,Andhra Pradesh,0.368421052631579,0.5141388466324868,0.4012011021938781,0.32079919847581595,0.6549640180540212
5,45,Almora,Uttarakhand,0.368421052631579,0.3193421291841133,0.4224608208224461,0.26090440258631437,0.6417905430224307
8,87,Alwar,Rajasthan,0.368421052631579,0.3373783190157796,0.508868314367646,0.2676020471743631,0.4651947434548923
6,58,Ambala,Haryana,0.368421052631579,0.3301587390864254,0.4803329089067191,0.5106897226043468,0.8872415602626851
9,121,Ambedkar Nagar,Uttar Pradesh,0.368421052631579,0.310185674984367,0.571286856567431,0.4407578697936901,0.3860154845751055
9,640,Amethi,Uttar Pradesh,0.0,0.3866752010073341,0.44726487303817297,0.40598224996336446,0.4390838309950126
27,468,Amravati,Maharashtra,1.0,0.30401968646718946,0.5875181395726619,0.39146692481503975,0.6455954245131833
24,439,Amreli,Gujarat,1.0,0.34719647221140054,0.35019878531692616,0.2965199245236998,0.5132856284292826
3,27,Amritsar,Punjab,0.368421052631579,0.4298848435886599,0.4362888272157143,0.44100736194724943,0.7719224705850786
9,154,Amroha,Uttar Pradesh,0.368421052631579,0.333178830374818,0.4868662426841327,0.4091623188049186,0.5607589637335089
28,744,Anakapalli,Andhra Pradesh,0.368421052631579,0.5141388466324868,0.4012011021938781,0.32079919847581595,0.6549640180540212
24,440,Anand,Gujarat,1.0,0.42594181044438045,0.451027609480672,0.48036149590832966,0.6040711087876235
28,502,Ananthapuramu,Andhra Pradesh,0.368421052631579,0.5288466525936919,0.6012993131516049,0.2696076750765531,0.46229401448466967
1,1,Anantnag,Jammu And Kashmir,1.0,0.2766828169335758,0.5582561670373385,0.21195635781692435,0.576747207119432
12,628,Anjaw,Arunachal Pradesh,0.368421052631579,0.39612546849243274,0.26741776673336387,0.14817207622527884,0.4514382822555364
28,753,Annamayya,Andhra Pradesh,0.0,0.5490407864179254,0.4658305659162739,0.3223221862972324,0.5922931501984161
21,344,Anugul,Odisha,0.368421052631579,0.37134004362658923,0.4500444717483224,0.2842858023402661,0.2917108432985591
8,776,Anupgarh,Rajasthan,0.368421052631579,0.3515811140409805,0.4645563991779124,0.3097324857315773,0.8029639362299935
23,390,Anuppur,Madhya Pradesh,0.368421052631579,0.3075298045004342,0.5076911566153592,0.2605004594391138,0.2032897146883168
10,188,Araria,Bihar,1.0,0.24038741456816326,0.6699425174024801,0.35832521807130163,0.2584760237988599
33,610,Ariyalur,Tamil Nadu,0.368421052631579,0.3659234501000188,0.2854489460088471,0.44730704204224886,0.4758625532324296
24,672,Arvalli,Gujarat,0.368421052631579,0.32763386666350364,0.5077648581865704,0.3480128166732235,0.44618120615516993
10,611,Arwal,Bihar,1.0,0.16554897474669822,0.6172879119577667,0.5357574837875994,0.3080380187258366
23,391,Ashoknagar,Madhya Pradesh,0.368421052631579,0.21955080712262884,0.5296787940960171,0.2830711264756941,0.29979636722178526
9,122,Auraiya,Uttar Pradesh,0.368421052631579,0.24675248490830518,0.44739600942520397,0.3979293521078572,0.438933712061164
10,189,Aurangabad,Bihar,1.0,0.2321223604674449,0.5452255754230043,0.4946875047456015,0.32103018438118014
9,140,Ayodhya,Uttar Pradesh,0.368421052631579,0.32676172169250234,0.630936292514145,0.4586563869983102,0.39533404589215165
9,123,Azamgarh,Uttar Pradesh,0.368421052631579,0.4059924159689345,0.5841695875406555,0.4860104018572348,0.3810358064437108
29,524,Bagalkote,Karnataka,0.368421052631579,0.3570025247563709,0.540349705469634,0.3479706372890555,0.38457503723015024
5,46,Bageshwar,Uttarakhand,0.368421052631579,0.2614277889088114,0.5490678124308747,0.2647088278235432,0.6302595190463278
9,124,Baghpat,Uttar Pradesh,0.368421052631579,0.357424312272656,0.5086205344064822,0.5161929616212109,0.6182000619200194
9,125,Bahraich,Uttar Pradesh,0.368421052631579,0.42777877918690665,0.5339720407047679,0.312778100613852,0.34616815314402294
18,739,Bajali,Assam,0.368421052631579,0.3732085702743777,0.4467784427933702,0.2860848511000508,0.45785988020153706
18,616,Baksa,Assam,1.0,0.4215203549592096,0.3773125425042271,0.26423738873652497,0.36501460454060736
23,392,Balaghat,Madhya Pradesh,0.368421052631579,0.3002063484909679,0.5258289406426191,0.2982084180279297,0.2362887323480065
21,345,Balangir,Odisha,0.368421052631579,0.3518570405117965,0.5123076261739293,0.2950989403276359,0.2909661161553285
21,346,Baleshwar,Odisha,0.368421052631579,0.39597710007435394,0.59787541276603,0.3827372087048221,0.4173019624883425
29,528,Ballari,Karnataka,0.368421052631579,0.35760231622673266,0.6141941241242392,0.32246507273451475,0.5448516530941951
9,126,Ballia,Uttar Pradesh,0.368421052631579,0.3861190270364424,0.6351351625599045,0.49527278272672276,0.3855031550156799
22,646,Balod,Chhattisgarh,0.368421052631579,0.4148990656086922,0.4919360370045622,0.3714331402634984,0.49812588327441365
22,644,Balodabazar-Bhatapara,Chhattisgarh,0.368421052631579,0.39161294131688784,0.51235687729554,0.36751576647430684,0.44382249107442207
8,775,Balotra,Rajasthan,0.368421052631579,0.30598763234623866,0.46482607321131475,0.2279664536377991,0.1978525270915038
9,127,Balrampur,Uttar Pradesh,0.368421052631579,0.4294053740712334,0.47199234906436627,0.28800773277726344,0.33813799226823515
22,649,Balrampur-Ramanujganj,Chhattisgarh,0.368421052631579,0.39641591925142544,0.5418759206122025,0.2544080894715506,0.19237609017574817
24,441,Banas Kantha,Gujarat,0.368421052631579,0.2757424524721105,0.47186632217193875,0.2804535657603776,0.43029494082272
9,128,Banda,Uttar Pradesh,0.368421052631579,0.23141255843922623,0.4361364646163098,0.319190314006863,0.40030637283597625
1,623,Bandipora,Jammu And Kashmir,0.368421052631579,0.24403262797090672,0.5001728145759737,0.16426191782075314,0.47915378073387854
10,190,Banka,Bihar,1.0,0.27147162210496073,0.5090882207056588,0.3465310481261485,0.25166584043620444
19,305,Bankura,West Bengal,1.0,0.4096779891812128,0.5812720724644345,0.2516770446066785,0.3201146564993037
8,88,Banswara,Rajasthan,0.368421052631579,0.2706583207973631,0.49066897383018865,0.23743835200081148,0.301419331543998
28,750,Bapatla,Andhra Pradesh,0.368421052631579,0.6242437168700503,0.4025564716608972,0.3518550295796053,0.641752067573504
9,129,Bara Banki,Uttar Pradesh,0.368421052631579,0.35729002811608096,0.6688389228760233,0.4329361225471188,0.3717911941298042
1,3,Baramulla,Jammu And Kashmir,0.368421052631579,0.18382801811480645,0.3061583020311342,0.2721636057787128,0.6408288195575172
8,89,Baran,Rajasthan,0.368421052631579,0.2628994398851799,0.44205589287507574,0.22584312613040292,0.3693999109324684
9,130,Bareilly,Uttar Pradesh,0.368421052631579,0.4529775266838929,0.6107286097938985,0.4177158115556793,0.6219962896630414
21,347,Bargarh,Odisha,0.368421052631579,0.3243510146249473,0.4613461781022123,0.30324127246313776,0.3400394122534883
8,90,Barmer,Rajasthan,0.368421052631579,0.30598763234623866,0.46482607321131475,0.2279664536377991,0.1978525270915038
3,605,Barnala,Punjab,0.368421052631579,0.47043787842195206,0.3135209124117591,0.386634398432707,0.816922244781126
18,280,Barpeta,Assam,1.0,0.29619139604188516,0.3636092533699553,0.2860848511000508,0.4593966284390961
23,393,Barwani,Madhya Pradesh,0.368421052631579,0.36041353400802517,0.5456090837265541,0.22233325139437118,0.3041229326693912
22,374,Bastar,Chhattisgarh,0.368421052631579,0.3341961354323478,0.6311532588340113,0.22195213931709706,0.32032828623785875
9,131,Basti,Uttar Pradesh,0.368421052631579,0.4826885476933715,0.5916169562853049,0.3491616229027919,0.3687407943990406
3,28,Bathinda,Punjab,0.368421052631579,0.3609025124903212,0.21842795641603,0.3819213070399474,0.7865398243026402
8,774,Beawar,Rajasthan,0.368421052631579,0.3547145321566716,0.49069707409707075,0.3435594651888784,0.6075070504747679
27,470,Beed,Maharashtra,0.368421052631579,0.33203340303019013,0.531409588441661,0.3756269719570785,0.39494056044584397
10,191,Begusarai,Bihar,1.0,0.2647884609107824,0.5035553750720722,0.5723878911727399,0.38391926563333
29,527,Belagavi,Karnataka,0.368421052631579,0.4533867629566238,0.5631986467356632,0.35351006812227664,0.5338672025329254
22,650,Bemetara,Chhattisgarh,0.368421052631579,0.4148990656086922,0.4919360370045622,0.3714331402634984,0.49812588327441365
29,526,Bengaluru Rural,Karnataka,0.368421052631579,0.38212901016438144,0.2709165213430429,0.6791723215197581,0.5600494984186632
29,525,Bengaluru Urban,Karnataka,0.368421052631579,0.5597094472742057,0.5197177941408656,0.6593398110960381,0.8628875554032078
23,394,Betul,Madhya Pradesh,0.368421052631579,0.2734976149523951,0.5637033450090861,0.25245459159944583,0.3350218208673196
9,179,Bhadohi,Uttar Pradesh,0.368421052631579,0.26735787125616334,0.596412919388407,0.6028299690189451,0.2889219180616405
36,690,Bhadradri Kothagudem,Telangana,1.0,0.5612572069922857,0.3842125650531142,0.31091117888754716,0.5826168209391358
21,348,Bhadrak,Odisha,0.368421052631579,0.39337808606807856,0.501450385298512,0.4218019799332403,0.34799854598985114
10,192,Bhagalpur,Bihar,1.0,0.2974766211137472,0.46555873037574,0.4433010746213405,0.38724477701053317
27,471,Bhandara,Maharashtra,1.0,0.31033391126487486,0.4405676620751905,0.383256992442909,0.5371832412062807
8,91,Bharatpur,Rajasthan,0.368421052631579,0.33423042533113667,0.5300299877237818,0.24209602871307345,0.28306678125413975
24,442,Bharuch,Gujarat,1.0,0.4205518580094689,0.44496097829674147,0.48314937390264584,0.5992574049471472
24,443,Bhavnagar,Gujarat,1.0,0.4164053559812001,0.48535610372054117,0.31964349761437655,0.568407022288343
8,92,Bhilwara,Rajasthan,0.368421052631579,0.28117969857401476,0.5272392243703364,0.2858164892197772,0.3750018677566036
23,395,Bhind,Madhya Pradesh,0.368421052631579,0.24196447695561013,0.48077520635517834,0.3619386213754821,0.3628895034262414
6,59,Bhiwani,Haryana,0.368421052631579,0.3523020860008525,0.4971501071546149,0.30965151556156756,0.7178716541911869
10,193,Bhojpur,Bihar,1.0,0.27479996562739895,0.49288179369829843,0.5707570100262103,0.3270097285354827
23,396,Bhopal,Madhya Pradesh,0.368421052631579,0.3409115320831988,0.4352717551959594,0.506195899102309,0.6974394248498568
29,529,Bidar,Karnataka,1.0,0.26148178935338373,0.4590316770256494,0.32718834476785896,0.421527467700343
22,636,Bijapur,Chhattisgarh,0.368421052631579,0.24411174587753562,0.4928451246090759,0.16131667100035632,0.2893210363938952
9,132,Bijnor,Uttar Pradesh,0.368421052631579,0.3800721304519387,0.556116809771824,0.3645109683687662,0.6249913889852978
8,93,Bikaner,Rajasthan,0.368421052631579,0.31748224218238597,0.4528797585913476,0.2451281401878267,0.6217471855316308
22,375,Bilaspur,Chhattisgarh,0.368421052631579,0.3034004899638421,0.5413187208914425,0.29560164961380575,0.41692978013798687
2,15,Bilaspur,Himachal Pradesh,1.0,0.3934183319776823,0.3681147183079654,0.35774535800399254,0.7362964312709921
19,307,Birbhum,West Bengal,1.0,0.36391070659413155,0.6039394219180794,0.33612690624926816,0.3802424157023695
14,252,Bishnupur,Manipur,1.0,0.49540172211015787,0.2859843870402365,0.38769163491178343,0.4306066590288875
18,705,Biswanath,Assam,1.0,0.3600393973663461,0.47088442479093107,0.2857547019944458,0.3673976719971815
20,322,Bokaro,Jharkhand,0.368421052631579,0.33434661936161225,0.5725895600921243,0.3593404936974078,0.3634677002717833
18,281,Bongaigaon,Assam,1.0,0.21753985998929015,0.40241220270022704,0.28761832870200443,0.4540073941176488
24,676,Botad,Gujarat,1.0,0.31837115443974423,0.3984906161873547,0.31964349761437655,0.5894910381610269
21,349,Boudh,Odisha,0.368421052631579,0.28561051079176325,0.4986168338378454,0.27130672777143816,0.24832950318888794
9,133,Budaun,Uttar Pradesh,0.368421052631579,0.32716577005103586,0.6466102545150711,0.28490387716518467,0.4309565758026037
1,2,Budgam,Jammu And Kashmir,0.368421052631579,0.26613071440074115,0.4726080132970026,0.32858919009056603,0.6157563619246322
9,134,Bulandshahr,Uttar Pradesh,0.368421052631579,0.3505283963772276,0.4891812552401193,0.4626011917582711,0.5304979643461984
27,472,Buldhana,Maharashtra,0.368421052631579,0.3277210438009809,0.6236300998296025,0.38546582423912856,0.4492203729574471
8,94,Bundi,Rajasthan,0.368421052631579,0.26924549553336585,0.4655053741779943,0.2442510448442428,0.3618657413622437
23,397,Burhanpur,Madhya Pradesh,0.368421052631579,0.31841273817689536,0.4759556299192693,0.26378466900561703,0.4412677602797195
10,194,Buxar,Bihar,1.0,0.21546488608090736,0.5502321973495794,0.5260563592292721,0.3440865206858887
18,282,Cachar,Assam,1.0,0.2886051902264281,0.4553686098654044,0.30904908769156625,0.31593056445998036
7,77,Central,Delhi,0.368421052631579,0.40461363527310096,0.19657038812456512,0.5796018948713988,0.9142012908305587
29,531,Chamarajanagara,Karnataka,0.368421052631579,0.37264365472659444,0.22955489426471132,0.24754424203779543,0.45761270827879225
2,16,Chamba,Himachal Pradesh,1.0,0.2567184189472974,0.34406456949332614,0.22719896500574716,0.6915633313061145
5,47,Chamoli,Uttarakhand,0.368421052631579,0.2944734862358819,0.46056797034895247,0.2592033161756543,0.6981131590272508
5,48,Champawat,Uttarakhand,0.368421052631579,0.3787216108591599,0.5357422793324471,0.24807976391039338,0.609789134025567
15,262,Champhai,Mizoram,1.0,0.3619160002194385,0.21018370436308983,0.2949146340835864,0.7500077572260528
9,135,Chandauli,Uttar Pradesh,0.368421052631579,0.310842407773414,0.6675646486479586,0.4390059833278841,0.33821684125148693
14,253,Chandel,Manipur,1.0,0.44540534501354107,0.25803346405660144,0.24597681517729308,0.3838868484133785
4,44,Chandigarh,Chandigarh,0.368421052631579,0.3408520055461156,0.3978107813687312,0.7451894258348495,0.7763454453491275
27,473,Chandrapur,Maharashtra,1.0,0.26190971135715796,0.6799948130740299,0.3568700975891158,0.5316869019605908
12,229,Changlang,Arunachal Pradesh,0.368421052631579,0.35044370212133713,0.22031509488366113,0.19702530427628367,0.39921672448659395
18,708,Charaideo,Assam,1.0,0.3442279346386909,0.4341775386540371,0.2501675241023487,0.5452622767765206
6,701,Charki Dadri,Haryana,0.368421052631579,0.3523020860008525,0.4971501071546149,0.30965151556156756,0.7178716541911869
20,323,Chatra,Jharkhand,0.368421052631579,0.2596179599359363,0.4977433476274432,0.3030295698269297,0.10764997235215155
33,730,Chengalpattu,Tamil Nadu,0.368421052631579,0.47664111799036724,0.22595245448477352,0.6348328328362342,0.6339782416864495
33,568,Chennai,Tamil Nadu,0.368421052631579,0.528779722456031,0.17704000453667487,0.8980506378655602,0.8040114587723154
23,398,Chhatarpur,Madhya Pradesh,0.368421052631579,0.3229322907790953,0.5309560811835132,0.2980124522112066,0.1606062711060905
27,469,Chhatrapati Sambhajinagar,Maharashtra,0.368421052631579,0.3746397045091853,0.672901058146948,0.44386666127372654,0.5393282049973954
23,399,Chhindwara,Madhya Pradesh,0.368421052631579,0.31211327110168124,0.4940144675507644,0.2758824355692535,0.3506947056778409
24,668,Chhotaudepur,Gujarat,0.368421052631579,0.4784367521700365,0.4469805907428025,0.4722413555922425,0.6770785575648455
29,630,Chikkaballapura,Karnataka,1.0,0.33478375487097,0.3384369243977724,0.38914666578192225,0.5446485229579094
29,532,Chikkamagaluru,Karnataka,0.368421052631579,0.4355189342709305,0.2470887944674093,0.3241772629208382,0.5490328341244957
18,612,Chirang,Assam,1.0,0.28126556400464786,0.42469319027130326,0.28119822179808424,0.3845998583772502
29,533,Chitradurga,Karnataka,1.0,0.5165831852819894,0.43823697462807587,0.3689592052481452,0.4677802058661662
9,136,Chitrakoot,Uttar Pradesh,0.368421052631579,0.21308391475643426,0.5703756319570303,0.2951252005925721,0.302742531474265
28,503,Chittoor,Andhra Pradesh,1.0,0.46366579306874844,0.48744636758254656,0.3461032844949068,0.557066610041445
8,95,Chittorgarh,Rajasthan,0.368421052631579,0.31771755194693385,0.3218984465094492,0.2609184662810524,0.40261585057130267
13,758,Chumoukedima,Nagaland,0.368421052631579,0.27203785034823347,0.39380610263234866,0.4002490136091079,0.5151546974811524
14,254,Churachandpur,Manipur,1.0,0.3988119098962686,0.24601155960463195,0.27206888511188915,0.3614501205505697
8,96,Churu,Rajasthan,0.368421052631579,0.309270221828704,0.37843840585424493,0.237846077982502,0.6665223613603345
33,569,Coimbatore,Tamil Nadu,0.368421052631579,0.4501923975206956,0.2573596645143495,0.5108806367125817,0.8011911921634896
19,308,Cooch Behar,West Bengal,0.368421052631579,0.39954962412492157,0.43340407594794206,0.34038041352926895,0.4897990462506099
33,570,Cuddalore,Tamil Nadu,0.368421052631579,0.38325709328002056,0.253351944474095,0.3316107184452858,0.5674648954424982
21,350,Cuttack,Odisha,0.368421052631579,0.49082649630749664,0.2554636529117896,0.47263341561523636,0.43312432781982546
38,465,Dadra And Nagar Haveli,The Dadra And Nagar Haveli And Daman And Diu,0.368421052631579,0.3248157412700092,0.381750693760467,0.3005716291525244,0.5012931275433739
24,445,Dahod,Gujarat,1.0,0.2728297483020831,0.6150596292642793,0.21643393833368432,0.23253676507362828
22,376,Dakshin Bastar Dantewada,Chhattisgarh,0.368421052631579,0.29411012068522996,0.6102990756928888,0.18789428038428846,0.3285255048511933
19,310,Dakshin Dinajpur,West Bengal,1.0,0.36708684921410834,0.40643206297248136,0.36099225007552227,0.4595796413756046
29,534,Dakshina Kannada,Karnataka,1.0,0.43583397133968993,0.3649239330845588,0.38918935142246,0.6509440532523003
38,463,Daman,The Dadra And Nagar Haveli And Daman And Diu,0.368421052631579,0.3266131933206473,0.12912822656125525,0.5090112968252438,0.6519225231492598
23,400,Damoh,Madhya Pradesh,0.368421052631579,0.3709527758027325,0.479430686933599,0.25447192007961067,0.225557367530911
24,444,Dangs,Gujarat,0.368421052631579,0.1891431081231268,0.5258559692589134,0.24676360508388878,0.18987774939146612
10,195,Darbhanga,Bihar,1.0,0.32658129507652095,0.5724578366412765,0.5308271871575907,0.3290324711879735
19,309,Darjeeling,West Bengal,1.0,0.49761908257334503,0.4570861755191689,0.35992751964774994,0.5298845061119708
18,283,Darrang,Assam,1.0,0.20475657854099993,0.41163802688060486,0.2740520871400173,0.4431586195365218
23,401,Datia,Madhya Pradesh,0.368421052631579,0.238511996133779,0.44497940994140217,0.32694217196982195,0.36647688618499724
8,97,Dausa,Rajasthan,0.368421052631579,0.2769355773308214,0.49059251939011006,0.25517994362861546,0.38770347145279827
29,535,Davangere,Karnataka,0.368421052631579,0.4368365634286643,0.543275973940712,0.3936143790874134,0.6202307737314035
8,767,Deeg,Rajasthan,0.368421052631579,0.33423042533113667,0.5300299877237818,0.24209602871307345,0.28306678125413975
5,49,Dehradun,Uttarakhand,0.368421052631579,0.37932790450631987,0.41067938238387713,0.5127484912478664,0.8874043858343528
21,351,Deogarh,Odisha,0.368421052631579,0.34077209777169015,0.48776756177165603,0.2693709964453723,0.2785121041079108
20,324,Deoghar,Jharkhand,0.368421052631579,0.33825071820458696,0.6263525196162122,0.3808547454242873,0.26250046665947185
9,137,Deoria,Uttar Pradesh,0.368421052631579,0.41546213754529043,0.6146984989787551,0.4710664193394529,0.40027650465725917
24,674,Devbhumi Dwarka,Gujarat,1.0,0.35078527473165216,0.39174218878885425,0.32898139137635074,0.5542299885928649
23,402,Dewas,Madhya Pradesh,0.368421052631579,0.3315825693427712,0.529167720743829,0.3339163419283055,0.4634067237072516
16,269,Dhalai,Tripura,1.0,0.3522048371469978,0.34639976238049525,0.29339966916279514,0.33708150660024694
22,377,Dhamtari,Chhattisgarh,0.368421052631579,0.28809823890577435,0.6156194317394018,0.3228597294417487,0.48552877053556165
20,325,Dhanbad,Jharkhand,0.368421052631579,0.3520141633764969,0.6845563396419826,0.33961345808423826,0.3724473024262278
23,403,Dhar,Madhya Pradesh,0.368421052631579,0.34359960175795834,0.6064564501957715,0.3223429940693136,0.38591390398251646
27,488,Dharashiv,Maharashtra,0.368421052631579,0.3117757682192014,0.3834673325646731,0.38419707018745286,0.3901677628653553
33,571,Dharmapuri,Tamil Nadu,0.368421052631579,0.424776747937939,0.46283780636524435,0.37270022590734536,0.4597476917563955
29,536,Dharwad,Karnataka,1.0,0.439286916415296,0.40150089788614507,0.44872591688556357,0.6067195161226363
18,284,Dhemaji,Assam,1.0,0.28181238449005985,0.38512398850064433,0.27349690084988504,0.41407089187571633
21,352,Dhenkanal,Odisha,0.368421052631579,0.4223474843878723,0.4868436814133249,0.3358140921549384,0.144626994702552
8,98,Dholpur,Rajasthan,0.368421052631579,0.22762026392683868,0.4547805844232766,0.2328415797121241,0.36257657673394905
18,285,Dhubri,Assam,1.0,0.23244773185997936,0.4526467125482557,0.29761229085509533,0.38910847520330405
27,474,Dhule,Maharashtra,0.9473684210526316,0.3405102939937955,0.5214483874546877,0.3406964362401091,0.5107025603988469
12,230,Dibang Valley,Arunachal Pradesh,0.368421052631579,0.45337489312064044,0.1088143061129184,0.17055773051534562,0.6753125479602127
18,286,Dibrugarh,Assam,1.0,0.43149778023281055,0.42670443962905674,0.25119487586432476,0.5357093396998264
8,768,Didwana-Kuchaman,Rajasthan,0.368421052631579,0.34633744643512027,0.46711323820056366,0.24547616539083045,0.3612517410820498
18,299,Dima Hasao,Assam,1.0,0.29495306588082565,0.349418600573534,0.25022700191247566,0.32806149178917804
13,244,Dimapur,Nagaland,1.0,0.2787815029553822,0.32352901023891056,0.4002490136091079,0.541064459720494
33,572,Dindigul,Tamil Nadu,0.368421052631579,0.3878312041484777,0.5559760713776511,0.3743062825108316,0.5735295768367991
23,404,Dindori,Madhya Pradesh,0.368421052631579,0.3006537756599675,0.5031074970650371,0.26638749734926764,0.1331303150952518
38,464,Diu,The Dadra And Nagar Haveli And Daman And Diu,0.368421052631579,0.366210702066263,0.22984903261940615,0.5516333164354281,0.8580934750259561
1,4,Doda,Jammu And Kashmir,1.0,0.291984298000249,0.22380747031850126,0.20559723988727985,0.42148615236910014
28,747,Dr BR Ambedkar Konaseema,Andhra Pradesh,0.368421052631579,0.5861037717612102,0.4435264558338606,0.3298324086578998,0.6773792793011417
8,769,Dudu,Rajasthan,0.368421052631579,0.4275601398456862,0.5749815689371566,0.39638254636302467,0.6617394565408037
20,326,Dumka,Jharkhand,0.368421052631579,0.30455227511323674,0.5889678496277997,0.2935395940993652,0.23011227254938524
8,99,Dungarpur,Rajasthan,0.368421052631579,0.26665411488423146,0.5185137761479515,0.27372834141910113,0.34274323381286464
22,378,Durg,Chhattisgarh,0.368421052631579,0.4148990656086922,0.4919360370045622,0.3714331402634984,0.49812588327441365
7,78,East,Delhi,0.368421052631579,0.44840204383118276,0.18170520707777116,0.5915558511995472,0.9216656265169256
17,273,East Garo Hills,Meghalaya,1.0,0.1747429670929191,0.35143782675287816,0.2696308318391506,0.38747214601472146
28,505,East Godavari,Andhra Pradesh,1.0,0.6705621355031653,0.46287681345693854,0.3298324086578998,0.6401166284336635
17,657,East Jaintia Hills,Meghalaya,1.0,0.29062720222878496,0.4448036854069013,0.18201764968005524,0.3924541058147337
12,231,East Kameng,Arunachal Pradesh,0.368421052631579,0.3408722844724528,0.24112063672154768,0.16521917746092438,0.39864892119147066
17,274,East Khasi Hills,Meghalaya,1.0,0.33134577535636056,0.46592210115582033,0.27049026529094583,0.630488704087234
12,232,East Siang,Arunachal Pradesh,0.368421052631579,0.4438452991237129,0.29298813533941903,0.2492345925714743,0.651189170606371
20,327,East Singhbum,Jharkhand,0.368421052631579,0.340182851997588,0.5209528951930538,0.33820603545273376,0.49391706453477424
17,740,Eastern West Khasi Hills,Meghalaya,0.368421052631579,0.2189538029339684,0.3450932338952904,0.21049478984377362,0.47900269460585126
28,748,Eluru,Andhra Pradesh,0.0,0.5490407864179254,0.4658305659162739,0.3223221862972324,0.5922931501984161
32,555,Ernakulam,Kerala,1.0,0.6341083790332207,0.39687259939708974,0.6485887493976592,0.7916471111816081
33,573,Erode,Tamil Nadu,0.368421052631579,0.39564155348130214,0.47659554097969503,0.35534944362388743,0.7122362549578534
9,138,Etah,Uttar Pradesh,0.368421052631579,0.27552217273700214,0.5640971673054342,0.37924827727857924,0.3925180647272299
9,139,Etawah,Uttar Pradesh,0.368421052631579,0.32569207793889315,0.5919248819513236,0.251164973763637,0.43438376354727526
6,60,Faridabad,Haryana,0.368421052631579,0.4010317224098073,0.44983543945259535,0.5635300363637464,0.5158818077282867
3,29,Faridkot,Punjab,0.368421052631579,0.37277682990062283,0.4392205713315927,0.36556978462252687,0.7544737520492351
9,141,Farrukhabad,Uttar Pradesh,0.368421052631579,0.33374386186751476,0.4591548597744996,0.4023771844734249,0.4357156014081451
6,61,Fatehabad,Haryana,0.368421052631579,0.37726590083427197,0.4909506406698233,0.3293884113933859,0.8631005196070102
3,30,Fatehgarh Sahib,Punjab,0.368421052631579,0.45398670566193383,0.4052994702714665,0.5017349774831187,0.7690811366168611
9,142,Fatehpur,Uttar Pradesh,0.368421052631579,0.2730893093795045,0.5306983208801775,0.36227448279952645,0.383112979067616
3,651,Fazilka,Punjab,0.368421052631579,0.4816223094210055,0.4682518984046954,0.3515403214113425,0.700230477450495
3,31,Ferozepur,Punjab,0.368421052631579,0.4816223094210055,0.4682518984046954,0.3515403214113425,0.700230477450495
9,143,Firozabad,Uttar Pradesh,0.368421052631579,0.32162195879771094,0.6454066815548742,0.3396900764812389,0.4442878672285487
29,537,Gadag,Karnataka,1.0,0.33554904201480595,0.46758982637117186,0.35771160276085534,0.44890405079800727
27,475,Gadchiroli,Maharashtra,1.0,0.22065208539302877,0.4632030190733907,0.2903067787423021,0.3181296536118624
21,353,Gajapati,Odisha,0.368421052631579,0.2932897874725513,0.39580942546509235,0.1995323597980171,0.23889799561105546
1,626,Ganderbal,Jammu And Kashmir,1.0,0.270040711032012,0.31975071260432536,0.21850187137415875,0.6738772983312297
24,446,Gandhinagar,Gujarat,1.0,0.42819199078319825,0.4417298096422313,0.7031180387568683,0.6758613292026382
8,100,Ganganagar,Rajasthan,0.368421052631579,0.3515811140409805,0.4645563991779124,0.3097324857315773,0.8029639362299935
8,771,Gangapurcity,Rajasthan,0.368421052631579,0.2813278017263407,0.5228438030892836,0.2027819611252775,0.34962122639443494
11,225,Gangtok,Sikkim,0.368421052631579,0.4508856752720903,0.27406776613905875,0.27607233539083864,0.7967517363260518
21,354,Ganjam,Odisha,0.368421052631579,0.4160126198620268,0.43030450143354665,0.3309568073082755,0.417913044891598
20,328,Garhwa,Jharkhand,0.368421052631579,0.2391943306004225,0.6199328703902518,0.2664901680968585,0.21299477646902715
22,645,Gariyaband,Chhattisgarh,0.368421052631579,0.39161294131688784,0.51235687729554,0.36751576647430684,0.44382249107442207
22,734,Gaurela-Pendra-Marwahi,Chhattisgarh,0.368421052631579,0.3034004899638421,0.5413187208914425,0.29560164961380575,0.41692978013798687
9,144,Gautam Buddha Nagar,Uttar Pradesh,0.368421052631579,0.3519133985074373,0.46442559275736023,0.6612306346183662,0.49390016371127865
10,196,Gaya,Bihar,1.0,0.2626943684777468,0.6054591134132733,0.4692634512894266,0.3155078973014735
9,145,Ghaziabad,Uttar Pradesh,0.368421052631579,0.4508298332148083,0.5626241166369601,0.6325622943574029,0.6328970956141243
9,146,Ghazipur,Uttar Pradesh,0.368421052631579,0.355455031993055,0.5689784555073146,0.4578895054958012,0.3560150019316616
24,675,Gir Somnath,Gujarat,1.0,0.28790751728915015,0.39626828881205656,0.32443646791050085,0.5287461300179352
20,329,Giridih,Jharkhand,0.368421052631579,0.29509322042941466,0.5871454270413784,0.2992166605010663,0.1176966906850671
18,287,Goalpara,Assam,1.0,0.24073298170603322,0.4295022290538616,0.25166581010677713,0.4417314279684814
20,330,Godda,Jharkhand,0.368421052631579,0.2979163327209008,0.6032290525011195,0.362164372794552,0.21595117011645204
18,288,Golaghat,Assam,1.0,0.34475111190851243,0.4387826216586873,0.4098935614450613,0.49358647998814686
16,654,Gomati,Tripura,1.0,0.4415260657203917,0.37696445925233113,0.30780097991370453,0.5195922179073105
9,147,Gonda,Uttar Pradesh,0.368421052631579,0.47944788809708305,0.6821645131306059,0.33463510326634366,0.35848704896924405
27,476,Gondia,Maharashtra,0.368421052631579,0.2951678591005062,0.5648249589250262,0.34549690920478815,0.39948842231835724
10,197,Gopalganj,Bihar,1.0,0.3005857072052805,0.5528001330415502,0.5198573219127139,0.3600737429789491
9,148,Gorakhpur,Uttar Pradesh,0.368421052631579,0.45359092945158536,0.6661429351910673,0.5844495417402236,0.47016199863776165
20,331,Gumla,Jharkhand,0.368421052631579,0.27187330894350453,0.4896485631156353,0.23330053315636617,0.019063478609611065
23,406,Guna,Madhya Pradesh,0.368421052631579,0.26783790004831404,0.5115881966831212,0.26602983598604063,0.30973904815387754
28,506,Guntur,Andhra Pradesh,1.0,0.6395894869931981,0.43916131255618196,0.3518550295796053,0.6525731724186536
3,32,Gurdaspur,Punjab,0.368421052631579,0.4890807623032325,0.3896465816793596,0.3845095338284501,0.6639201496368388
6,62,Gurugram,Haryana,0.368421052631579,0.3554400007227418,0.3792512928750755,0.7165046501385904,0.7907126350098795
23,407,Gwalior,Madhya Pradesh,0.368421052631579,0.2853060830948586,0.4894604932072223,0.41586752677784955,0.6292680579347514
11,228,Gyalshing,Sikkim,0.368421052631579,0.39573161655247574,0.059236072466913016,0.22632970775169775,0.6880405341654763
18,289,Hailakandi,Assam,1.0,0.36101541636084955,0.5445576602977906,0.26401783070788154,0.2682724951173744
2,17,Hamirpur,Himachal Pradesh,1.0,0.5171882817172223,0.3405965127052852,0.33943537556958325,0.8394448833552555
9,149,Hamirpur,Uttar Pradesh,0.368421052631579,0.21564846534308776,0.2632402996176292,0.3077433065505348,0.48745770841606195
36,686,Hanumakonda,Telangana,0.368421052631579,0.47588984769100795,0.4559664325136942,0.35252201517051807,0.5396117560279841
8,101,Hanumangarh,Rajasthan,0.368421052631579,0.3327062065073028,0.38971871183848683,0.28755405542728746,0.7805099756600884
9,661,Hapur,Uttar Pradesh,0.368421052631579,0.4508298332148083,0.5626241166369601,0.6325622943574029,0.6328970956141243
23,408,Harda,Madhya Pradesh,0.368421052631579,0.30768525693113674,0.4865855768463403,0.3086172886516352,0.4569845260617317
9,150,Hardoi,Uttar Pradesh,0.368421052631579,0.35777082714223746,0.6092125257678855,0.3700589918461163,0.4088764687677926
5,50,Haridwar,Uttarakhand,0.368421052631579,0.3938657990979881,0.5546350447506907,0.3788045715468807,0.6500060892983535
29,539,Hassan,Karnataka,1.0,0.5027314839797721,0.37426155724154275,0.44287673753392043,0.5586056906705414
9,163,Hathras,Uttar Pradesh,0.368421052631579,0.33090548522097096,0.5218313346087294,0.30347240727480873,0.41206239465978134
29,540,Haveri,Karnataka,1.0,0.33685199828709894,0.4275631358500106,0.40898738774672727,0.5096705576482534
20,332,Hazaribagh,Jharkhand,0.368421052631579,0.27990843342231536,0.5925423601849948,0.3686715483125554,0.1821799843770954
27,477,Hingoli,Maharashtra,1.0,0.2075728757074345,0.48864002256990335,0.368366806166908,0.41836023012094403
6,63,Hisar,Haryana,0.368421052631579,0.3429129196627125,0.37378161533307536,0.39796249941353956,0.8051386893334842
15,726,Hnahthial,Mizoram,0.368421052631579,0.37211368754816077,0.2134015551806281,0.26549618394096486,0.6690331885305547
18,709,Hojai,Assam,1.0,0.4039824655661218,0.4341258809850854,0.31063811387844237,0.48682357780129315
19,312,Hooghly,West Bengal,0.368421052631579,0.5834721375927052,0.33890130583268446,0.48869336806245034,0.6056428699184987
3,33,Hoshiarpur,Punjab,0.368421052631579,0.4788599907847682,0.15037022423225552,0.4205128376305046,0.7564091918907859
19,313,Howrah,West Bengal,0.368421052631579,0.5177540327095329,0.6975614100556983,0.536290417687491,0.6152079518829383
36,507,Hyderabad,Telangana,1.0,0.6372752149050489,0.34854414095762987,0.5697697631518932,0.8753696844901075
32,556,Idukki,Kerala,1.0,0.6040359333312794,0.46477530676143064,0.3390736349241106,0.5652024869835197
14,255,Imphal East,Manipur,1.0,0.48443126193242214,0.30461902158134435,0.588551326692629,0.5380431873540912
14,256,Imphal West,Manipur,1.0,0.5503267314917201,0.28990672791842614,0.26412046652611765,0.5988196852817994
23,410,Indore,Madhya Pradesh,0.368421052631579,0.38492585427158066,0.40789230010512223,0.6279265436726976,0.7490749521663662
23,411,Jabalpur,Madhya Pradesh,0.368421052631579,0.36796197170558875,0.4798134841276608,0.42436682172508755,0.5909258039941956
21,355,Jagatsinghapur,Odisha,0.368421052631579,0.3752803549295425,0.4433658658693859,0.5683169028428116,0.38174390480596854
36,681,Jagitial,Telangana,1.0,0.48972254236534646,0.41812174628869936,0.41052971390697873,0.5764828435463796
8,102,Jaipur,Rajasthan,0.368421052631579,0.4275601398456862,0.5749815689371566,0.39638254636302467,0.6617394565408037
8,783,Jaipur (Gramin),Rajasthan,0.368421052631579,0.4275601398456862,0.5749815689371566,0.39638254636302467,0.6617394565408037
8,103,Jaisalmer,Rajasthan,0.368421052631579,0.2351644730751055,0.4401677782603223,0.18362823224456643,0.18865109147929784
21,356,Jajapur,Odisha,0.368421052631579,0.4020827645892454,0.5575733973731567,0.3835463360474997,0.31508806505473475
3,34,Jalandhar,Punjab,0.368421052631579,0.41433315604963605,0.2502116740569274,0.5069740872440248,0.8407867908839597
9,151,Jalaun,Uttar Pradesh,0.368421052631579,0.24989953079748164,0.4920624473964186,0.3474950320741215,0.5009254647955793
27,478,Jalgaon,Maharashtra,1.0,0.3869137235772627,0.5657817958153961,0.3671391839057244,0.567969440850932
27,479,Jalna,Maharashtra,1.0,0.29361441872788613,0.6391783649578733,0.36410043918714086,0.3759810610246267
8,104,Jalore,Rajasthan,0.368421052631579,0.28813073029815595,0.5043809216302925,0.2080740031656736,0.3520968451325251
19,314,Jalpaiguri,West Bengal,1.0,0.42087105864258706,0.4295194803338538,0.3473228995666849,0.47400377170838603
1,5,Jammu,Jammu And Kashmir,1.0,0.30461227076729475,0.3715460591302984,0.45305577627750354,0.6538802701558848
24,447,Jamnagar,Gujarat,1.0,0.35938201480462045,0.40974683619869645,0.32898139137635074,0.6310742345224674
20,333,Jamtara,Jharkhand,0.368421052631579,0.2869906560273051,0.5572973631373734,0.29081568383306305,0.24027404677239617
10,198,Jamui,Bihar,1.0,0.19993195335617014,0.43836132114961346,0.4018262575613994,0.22069808035507882
36,689,Jangoan,Telangana,0.631578947368421,0.4914969593905225,0.4870050806206905,0.3723584474894763,0.6115587603305245
22,379,Janjgir-Champa,Chhattisgarh,0.368421052631579,0.3570278583560549,0.5373457259187657,0.24109730804608903,0.342080674235973
22,380,Jashpur,Chhattisgarh,0.368421052631579,0.31654201442808655,0.5748409329510309,0.28278835919548295,0.21511776054788723
9,152,Jaunpur,Uttar Pradesh,0.368421052631579,0.35613738399316547,0.6577698088584414,0.5598874892416498,0.3661261152586253
36,687,Jayashankar Bhupalapally,Telangana,0.631578947368421,0.48888466685647763,0.4886999672035774,0.3723584474894763,0.5256303486933076
10,199,Jehanabad,Bihar,1.0,0.20890805093768092,0.5651967612384786,0.571306686054429,0.3252510123057558
23,412,Jhabua,Madhya Pradesh,0.368421052631579,0.3198449436683546,0.45126711198455993,0.2531609918536174,0.2289774393915561
6,64,Jhajjar,Haryana,0.368421052631579,0.3355838906283171,0.322634402145303,0.4450680231222922,0.7671675823950708
8,105,Jhalawar,Rajasthan,0.368421052631579,0.27234018877622396,0.5235633479807994,0.2025672443601772,0.3598192976209322
9,153,Jhansi,Uttar Pradesh,0.368421052631579,0.3112215370031663,0.5386364613066918,0.40290728813149657,0.50866580077366
19,703,Jhargram,West Bengal,0.368421052631579,0.4443194475585144,0.6208125057043448,0.34638931222247904,0.451340083314414
21,357,Jharsuguda,Odisha,0.368421052631579,0.35429043337196525,0.4261261703986752,0.39213132431294806,0.40465421641509486
8,106,Jhunjhunu,Rajasthan,0.368421052631579,0.3168013153424005,0.41498046197030186,0.2531703780587829,0.5823339517537619
6,65,Jind,Haryana,0.368421052631579,0.29322711320526523,0.4250314169755022,0.32868637485627744,0.7001444030429126
14,713,Jiribam,Manipur,0.368421052631579,0.4795509491376472,0.31526837950910985,0.588551326692629,0.39755493699442496
8,107,Jodhpur,Rajasthan,0.368421052631579,0.3462373895987474,0.45404711678138476,0.2876175256291928,0.47516272795202347
8,778,Jodhpur (Gramin),Rajasthan,0.368421052631579,0.3462373895987474,0.45404711678138476,0.2876175256291928,0.47516272795202347
36,695,Jogulamba Gadwal,Telangana,1.0,0.3472878515257419,0.5800488211274202,0.29158654291767644,0.509263349509394
18,290,Jorhat,Assam,1.0,0.436870350557255,0.44500665140178286,0.32740772204102786,0.5100235922697892
24,448,Junagadh,Gujarat,1.0,0.5003420982662307,0.3961641840922183,0.32443646791050085,0.5457593734156647
22,382,Kabeerdham,Chhattisgarh,0.368421052631579,0.31652821039306317,0.4472545431789684,0.2034055046490905,0.3009469180312175
24,449,Kachchh,Gujarat,1.0,0.30729578069010743,0.3782839074564526,0.2967359603195113,0.631569924397678
10,200,Kaimur (Bhabua),Bihar,1.0,0.1238819834277116,0.5641412608976634,0.37348516351775896,0.3382176439373529
6,66,Kaithal,Haryana,0.368421052631579,0.3540166772020825,0.5238590760807686,0.26219625818349207,0.7279993856818945
14,711,Kakching,Manipur,0.368421052631579,0.4111447659422963,0.333284546221879,0.4622469569731552,0.3446928655800445
28,746,Kakinada,Andhra Pradesh,0.368421052631579,0.5861037717612102,0.4435264558338606,0.3298324086578998,0.6773792793011417
29,538,Kalaburagi,Karnataka,0.368421052631579,0.34930290247893775,0.5736903663057155,0.25901438438851315,0.45883746957749744
21,358,Kalahandi,Odisha,0.368421052631579,0.2946328222046831,0.49889893816588277,0.2514293431703767,0.2723866758333819
19,702,Kalimpong,West Bengal,0.368421052631579,0.38494521534363485,0.24261296316511022,0.35992751964774994,0.4287109600871827
33,729,Kallakurichi,Tamil Nadu,0.368421052631579,0.3976188512888822,0.5608760469491865,0.347459362384727,0.4851341911868444
36,685,Kamareddy,Telangana,1.0,0.46035324637538627,0.496221362106394,0.3396673081962231,0.5734386693400689
14,717,Kamjong,Manipur,0.368421052631579,0.37686473919956975,0.20459289193749472,0.26702701033062487,0.41119152904801076
12,718,Kamle,Arunachal Pradesh,0.0,0.32741961197092745,0.38994898063013983,0.19158909840520272,0.5064869758880278
18,291,Kamrup,Assam,1.0,0.431675230681953,0.3276065707675748,0.347248175196114,0.4208115297723197
18,618,Kamrup Metro,Assam,0.368421052631579,0.36318014863571974,0.20357899758608516,0.5822597409898944,0.5622351049621245
33,574,Kancheepuram,Tamil Nadu,0.368421052631579,0.47664111799036724,0.22595245448477352,0.6348328328362342,0.6339782416864495
21,359,Kandhamal,Odisha,0.368421052631579,0.2467847575222329,0.5406079024051761,0.22096143002546983,0.0900803342440987
14,712,Kangpokpi,Manipur,0.368421052631579,0.3844421747731165,0.3327331516992939,0.24536879589442476,0.3546091581477111
2,18,Kangra,Himachal Pradesh,1.0,0.4475402328424514,0.3686649892666137,0.33006721770596603,0.750842339892991
9,155,Kannauj,Uttar Pradesh,0.368421052631579,0.28891280271668396,0.6444133455192614,0.36475097716616334,0.39978311696710345
33,575,Kanniyakumari,Tamil Nadu,0.368421052631579,0.48052115419959407,0.4385223870974385,0.474583319677592,0.7768366564007203
32,557,Kannur,Kerala,1.0,0.6032085460482632,0.407195457708288,0.4818648695337401,0.6251945418443651
9,156,Kanpur Dehat,Uttar Pradesh,0.368421052631579,0.24422141153047544,0.568790832205063,0.4348707710414287,0.4066620160253265
9,157,Kanpur Nagar,Uttar Pradesh,0.368421052631579,0.3556933988646334,0.5699746042246944,0.5783043202901655,0.653179333937282
3,35,Kapurthala,Punjab,0.368421052631579,0.4348520115423205,0.3560976033048527,0.4676362693316939,0.7902147082709396
34,598,Karaikal,Puducherry,0.368421052631579,0.4357245735696183,0.49068218857885204,0.43014073879464154,0.8242847422589628
8,108,Karauli,Rajasthan,0.368421052631579,0.28272753434026676,0.44279621808931136,0.17188963988046962,0.28937809655027713
18,292,Karbi Anglong,Assam,1.0,0.35224892837968225,0.3813812017511799,0.24032351312229333,0.3651324532672729
37,6,Kargil,Ladakh,1.0,0.16982715769627102,0.3371888503960591,0.22505617956428714,0.4226978487324743
18,293,Karimganj,Assam,1.0,0.2496855936212046,0.5386632922007467,0.3125305188466202,0.29625723833384987
36,508,Karimnagar,Telangana,1.0,0.5060346984073403,0.45877748808187985,0.41052971390697873,0.589810266839784
6,67,Karnal,Haryana,0.368421052631579,0.3260943469197963,0.4673278701196386,0.36725961707533095,0.8849316224184871
33,576,Karur,Tamil Nadu,0.368421052631579,0.40618576205081397,0.4777563791434871,0.4081006336219741,0.6305948162919373
32,558,Kasaragod,Kerala,1.0,0.4626100994990843,0.30442984525394906,0.4517286784659978,0.6108647422126972
9,633,Kasganj,Uttar Pradesh,0.368421052631579,0.26348426583032647,0.650344425450744,0.2886754712284865,0.40222568090166755
1,7,Kathua,Jammu And Kashmir,1.0,0.30707545635475536,0.3161343808035131,0.2534286993813546,0.5128069259380378
10,201,Katihar,Bihar,1.0,0.3052794282976847,0.5451061281721805,0.37627670778101674,0.29717099724356594
23,413,Katni,Madhya Pradesh,0.368421052631579,0.3959913259988017,0.5029674189449909,0.3090451160456593,0.32059814524718916
9,158,Kaushambi,Uttar Pradesh,0.368421052631579,0.2507402883047513,0.5118481074275065,0.4221464050819494,0.3273818912589329
8,781,Kekri,Rajasthan,0.0,0.37859216492666886,0.44014180314683904,0.26496466305808736,0.47325105596064687
21,360,Kendrapara,Odisha,0.368421052631579,0.36397366062685815,0.5682531128774595,0.4208581017092077,0.35698992606382757
21,361,Kendujhar,Odisha,0.368421052631579,0.43212415320145064,0.6669570384320739,0.3059659432995275,0.2649059129467321
10,202,Khagaria,Bihar,1.0,0.26166479366730033,0.43399090551650876,0.4255467187797314,0.3748340178199684
22,759,Khairagarh-Chhuikhadan-Gandai,Chhattisgarh,0.368421052631579,0.2630006037907865,0.4775988231299453,0.2878764069425329,0.4265187226668886
8,770,Khairthal-Tijara,Rajasthan,0.368421052631579,0.3373783190157796,0.508868314367646,0.2676020471743631,0.4651947434548923
36,509,Khammam,Telangana,1.0,0.5201685599645508,0.5928741227799769,0.31091117888754716,0.6084053899970892
23,405,Khandwa (East Nimar),Madhya Pradesh,0.368421052631579,0.31934744221057443,0.5139948732472832,0.26633981803092216,0.33653308767288503
23,414,Khargone (West Nimar),Madhya Pradesh,0.368421052631579,0.3350717468967079,0.5675176370718104,0.2885282622600732,0.41049959462138114
15,728,Khawzawl,Mizoram,0.368421052631579,0.3473006947090802,0.21511769785000506,0.2949146340835864,0.7706489034923878
24,450,Kheda,Gujarat,1.0,0.40629128106321794,0.46831145442510147,0.4614842998623601,0.4762677652632168
9,159,Kheri,Uttar Pradesh,0.368421052631579,0.3515547832855293,0.5581197173165178,0.30837120441792204,0.39790004380794064
21,362,Khordha,Odisha,0.368421052631579,0.41785062223691405,0.39541894158975155,0.5536092369743667,0.47015294017541664
16,652,Khowai,Tripura,1.0,0.46873350982422396,0.37123858700800194,0.34421048127972154,0.4914192228124197
20,606,Khunti,Jharkhand,0.368421052631579,0.2940924554539759,0.5075606147000427,0.2883206614384932,0.02767780414123176
2,19,Kinnaur,Himachal Pradesh,1.0,0.23409988867654524,0.2586730846626471,0.2542115523774514,0.7629638389030593
13,614,Kiphire,Nagaland,1.0,0.12550218587907103,0.3340294659314341,0.2020246342707911,0.4446717540305804
10,203,Kishanganj,Bihar,1.0,0.2355159321265606,0.46727870301883134,0.3397896228046021,0.31156103396122664
1,620,Kishtwar,Jammu And Kashmir,1.0,0.11944502194713474,0.3086015371157425,0.17092994949559942,0.3509294587406697
29,541,Kodagu,Karnataka,1.0,0.5177840321803291,0.36301205839358736,0.29551033537415183,0.6239477009878462
20,334,Koderma,Jharkhand,0.368421052631579,0.2820677405578395,0.5291007683586786,0.3092577313684715,0.2509000847320878
13,245,Kohima,Nagaland,1.0,0.2660400732589663,0.28612047039425453,0.30969518215796543,0.5012450174305243
18,294,Kokrajhar,Assam,1.0,0.2884463888934217,0.472544778263536,0.24392352984645357,0.3418823460139858
29,542,Kolar,Karnataka,1.0,0.3479825639642196,0.3067341967868473,0.4921824467764,0.575649205011453
15,263,Kolasib,Mizoram,1.0,0.40303957466092244,0.23250998906200412,0.28278571130492547,0.7723056401381962
27,480,Kolhapur,Maharashtra,1.0,0.4886389588885886,0.5165864743854671,0.36517490475707837,0.7067324892843045
19,315,Kolkata,West Bengal,1.0,0.5645787740956812,0.49810260221676883,0.7057156925844476,0.7692892564725184
32,559,Kollam,Kerala,1.0,0.6726200216830455,0.4781642880824249,0.5628709225948445,0.6517952225645596
22,643,Kondagaon,Chhattisgarh,0.368421052631579,0.3341961354323478,0.6311532588340113,0.22195213931709706,0.32032828623785875
29,543,Koppal,Karnataka,1.0,0.26293517376082437,0.43101705879947516,0.2930245476612219,0.43396227284427724
21,363,Koraput,Odisha,0.368421052631579,0.3328763566141489,0.527343670559256,0.21235883478235545,0.2696773166031291
22,383,Korba,Chhattisgarh,0.368421052631579,0.35614464029956144,0.4832064762364061,0.2883387410963428,0.3289019737348186
22,384,Korea,Chhattisgarh,0.368421052631579,0.32153941651821555,0.5364660300741183,0.2622120526746691,0.26724874380931124
8,109,Kota,Rajasthan,0.368421052631579,0.3227133232174988,0.45222206424496175,0.32051792186685146,0.6481138980624231
8,782,Kotputli-Behror,Rajasthan,0.0,0.37859216492666886,0.44014180314683904,0.26496466305808736,0.47325105596064687
32,560,Kottayam,Kerala,1.0,0.6432969344926619,0.3321588162496901,0.5161386249276239,0.6728192841696112
32,561,Kozhikode,Kerala,1.0,0.5754954457468002,0.36039464833699686,0.4978281261539156,0.6472584662238305
12,677,Kra Daadi,Arunachal Pradesh,0.368421052631579,0.2813761741867231,0.28193702411354965,0.11324880807681521,0.42049991929209196
28,510,Krishna,Andhra Pradesh,1.0,0.5945622604773192,0.43842535775098923,0.42838815888073406,0.6817854161848209
33,577,Krishnagiri,Tamil Nadu,0.368421052631579,0.36573901814794363,0.3961478482442123,0.5058700281470441,0.5395950099204926
1,622,Kulgam,Jammu And Kashmir,1.0,0.26285260031097446,0.22732200595652832,0.21266409837678593,0.4726219492667364
2,20,Kullu,Himachal Pradesh,1.0,0.23565283275880583,0.30985014665872757,0.2546665271098694,0.732187570936464
36,699,Kumuram Bheem Asifabad,Telangana,0.368421052631579,0.4418518234786423,0.44247127006428827,0.30194526179587744,0.4908858388836019
1,8,Kupwara,Jammu And Kashmir,1.0,0.18195308600564536,0.5307575646132057,0.19328024443465971,0.4090178051794912
28,511,Kurnool,Andhra Pradesh,1.0,0.47002040306953585,0.6216664550794962,0.25068502696356726,0.6035279012028898
6,68,Kurukshetra,Haryana,0.368421052631579,0.32407405231838776,0.4065797335177723,0.40820691831793615,0.8886747193110256
12,233,Kurung Kumey,Arunachal Pradesh,0.368421052631579,0.2813761741867231,0.28193702411354965,0.11324880807681521,0.42049991929209196
9,160,Kushinagar,Uttar Pradesh,0.368421052631579,0.3785417134836137,0.7110730347737936,0.4963818452399115,0.37749313585381444
2,21,Lahaul And Spiti,Himachal Pradesh,0.368421052631579,0.2660524190980762,0.19831174483541592,0.24121935669352018,0.7076082010941007
18,295,Lakhimpur,Assam,1.0,0.3297095465716405,0.4760079520673137,0.3082685372699538,0.3769430818174516
10,204,Lakhisarai,Bihar,1.0,0.1987559333237182,0.4544104988595473,0.4594597965739382,0.3396586287555798
31,553,Lakshadweep District,Lakshadweep,0.368421052631579,0.32739430295953087,0.39040020704079886,0.28720581298019965,0.5327157283686308
9,161,Lalitpur,Uttar Pradesh,0.368421052631579,0.2779257724438843,0.6374049489826819,0.25301795017066164,0.3239969666903121
20,335,Latehar,Jharkhand,0.368421052631579,0.23779669540350712,0.6015929445379822,0.2331141105689922,0.15549285022633866
27,481,Latur,Maharashtra,1.0,0.25297735028581897,0.48959279479252715,0.4099559531178166,0.5220656701363819
15,264,Lawngtlai,Mizoram,1.0,0.2729872089485745,0.2457750147032616,0.19548725070374887,0.4539761519564674
37,9,Leh Ladakh,Ladakh,0.368421052631579,0.1808630731256709,0.3140163123223077,0.2479405526222326,0.3604039628307867
12,724,Leparada,Arunachal Pradesh,0.368421052631579,0.40791474958778146,0.15934365591268784,0.19991167401756713,0.6338366656196841
20,336,Lohardaga,Jharkhand,0.368421052631579,0.25110320092821503,0.44552034225514214,0.2683623028636013,0.15898746268287983
12,234,Lohit,Arunachal Pradesh,0.368421052631579,0.30115811273522586,0.3455326397346373,0.23485873514059008,0.512149104666456
12,666,Longding,Arunachal Pradesh,0.368421052631579,0.24333473422585608,0.3158669952741767,0.16426693178877347,0.4685556784649495
13,615,Longleng,Nagaland,1.0,0.2502553214462926,0.3164612463350833,0.21846290147912745,0.404734367047659
12,235,Lower Dibang Valley,Arunachal Pradesh,0.368421052631579,0.28652829692650156,0.24844682604189866,0.2035895199129501,0.5761119733337514
12,719,Lower Siang,Arunachal Pradesh,0.0,0.32741961197092745,0.38994898063013983,0.19158909840520272,0.5064869758880278
12,236,Lower Subansiri,Arunachal Pradesh,0.368421052631579,0.3982228279439689,0.15474639117445346,0.25438466648964836,0.6722162886987633
9,162,Lucknow,Uttar Pradesh,0.368421052631579,0.4174893409177491,0.580831181604163,0.5484345582467971,0.7198259633247466
3,36,Ludhiana,Punjab,0.368421052631579,0.47403593472357036,0.24294377076226617,0.555940768330093,0.8386036713399043
15,265,Lunglei,Mizoram,1.0,0.3251128016725005,0.22574466383881606,0.26549618394096486,0.6754920838349732
10,205,Madhepura,Bihar,1.0,0.256137318874396,0.4835401798831539,0.4084469261310804,0.2616937502994053
10,206,Madhubani,Bihar,1.0,0.34258579702207914,0.5999904405168104,0.4858608644173687,0.28240411852588554
33,578,Madurai,Tamil Nadu,0.368421052631579,0.5171998942562246,0.26208880871236157,0.44620324236975706,0.6053893305449359
36,688,Mahabubabad,Telangana,1.0,0.44093997240706273,0.42264333744623633,0.35252201517051807,0.5243694045871723
36,512,Mahabubnagar,Telangana,1.0,0.4151359667569753,0.4878869315473004,0.29158654291767644,0.5244878011478467
22,385,Mahasamund,Chhattisgarh,0.368421052631579,0.3104024421316739,0.5559020856050237,0.3077057744093049,0.33205485863921796
34,599,Mahe,Puducherry,0.368421052631579,0.47584474065472004,0.16989881731598233,0.6542560617464361,0.7104914163528813
6,69,Mahendragarh,Haryana,0.368421052631579,0.32803296671323107,0.4113742714769673,0.31445743154179434,0.6347199947940998
24,451,Mahesana,Gujarat,1.0,0.42601795474712756,0.4407696519130524,0.5235367941505868,0.5813844537065882
24,669,Mahisagar,Gujarat,0.631578947368421,0.23125333985246052,0.5056249987370461,0.39221009871178447,0.4321999169630272
9,165,Mahoba,Uttar Pradesh,0.368421052631579,0.23277311987353588,0.556265640493001,0.32893423785138026,0.3820018303796728
9,164,Mahrajganj,Uttar Pradesh,0.368421052631579,0.45441629869973493,0.6799423221790691,0.373714767430828,0.3975360145594155
23,784,Maihar,Madhya Pradesh,0.368421052631579,0.35133286028369753,0.5417202018153818,0.36358914812856774,0.35998225105108383
9,166,Mainpuri,Uttar Pradesh,0.368421052631579,0.30344827204011926,0.48885889689511336,0.28206864805163967,0.40831310479009597
18,706,Majuli,Assam,1.0,0.3556272967836517,0.3791922571523151,0.32740772204102786,0.5363093561958925
32,562,Malappuram,Kerala,1.0,0.5478893227872218,0.38256695258358675,0.49421115749262245,0.6550190841047997
19,316,Malda,West Bengal,0.368421052631579,0.4293738408024552,0.6385887516979458,0.3248383517187291,0.34501211100446305
3,737,Malerkotla,Punjab,0.368421052631579,0.4669853593324415,0.5675667203840492,0.40470438691553584,0.7782149774972489
21,364,Malkangiri,Odisha,0.368421052631579,0.2598631278437306,0.5689039852379238,0.18225215248578547,0.24862816414285874
15,266,Mamit,Mizoram,1.0,0.3086353500519177,0.20731835472432683,0.24992594345721647,0.6174079880778254
36,684,Mancherial,Telangana,1.0,0.4613812353883932,0.4018897213411239,0.30194526179587744,0.4911311018009028
2,22,Mandi,Himachal Pradesh,1.0,0.3457154025039929,0.29332196809594996,0.29873436399232023,0.8342772298744858
23,415,Mandla,Madhya Pradesh,0.368421052631579,0.30210560754863097,0.5024704798588508,0.27042238540510577,0.11683512381598458
23,416,Mandsaur,Madhya Pradesh,0.368421052631579,0.3752739345686458,0.5078237067067106,0.3443957829819045,0.25480074401359415
29,544,Mandya,Karnataka,1.0,0.5044655321959419,0.34465613065345563,0.3978638371257295,0.5953497945672854
22,760,Manendragarh-Chirmiri-Bharatpur(M C B),Chhattisgarh,0.368421052631579,0.32153941651821555,0.5364660300741183,0.2622120526746691,0.26724874380931124
11,226,Mangan,Sikkim,0.368421052631579,0.39889871562267176,0.3279404479145306,0.23617119385976548,0.6766764188407893
3,37,Mansa,Punjab,0.368421052631579,0.4073088790821906,0.5859862459014784,0.2725880004340761,0.7100703030986766
18,296,Marigaon,Assam,0.368421052631579,0.342189312207091,0.47704498793254463,0.26020393957017446,0.4573711751738623
9,167,Mathura,Uttar Pradesh,0.368421052631579,0.35520419910469875,0.4111628312635069,0.4001350436050084,0.4175423804844325
9,168,Mau,Uttar Pradesh,0.368421052631579,0.3438160900097311,0.5852956674632276,0.4604299143959101,0.3983026669102232
23,766,MAUGANJ,Madhya Pradesh,0.368421052631579,0.3130209799811659,0.5014478025349935,0.36908260223111217,0.303493704820759
33,735,Mayiladuthurai,Tamil Nadu,0.368421052631579,0.41858471408073156,0.28931191499910225,0.3856197059420245,0.5262607275244027
21,365,Mayurbhanj,Odisha,0.368421052631579,0.41854565597593557,0.5292236925796558,0.21531353860603605,0.22812461324151695
36,513,Medak,Telangana,1.0,0.4930640756726731,0.493473362227566,0.42219873236128946,0.5978586513687972
36,700,Medchal Malkajgiri,Telangana,1.0,0.5696931901856647,0.5257329783190379,0.5361701950464982,0.7881340163701405
9,169,Meerut,Uttar Pradesh,0.368421052631579,0.4207605114421376,0.5339437707879242,0.4906760330583,0.7076467909080808
9,170,Mirzapur,Uttar Pradesh,0.368421052631579,0.28636697078479817,0.6158195911936345,0.43527763055090646,0.31654330391721425
3,38,Moga,Punjab,0.368421052631579,0.43088977291235553,0.6142223707973906,0.3776990269454163,0.7759229265216849
22,761,Mohla-Manpur-Ambagarh Chouki,Chhattisgarh,0.368421052631579,0.2630006037907865,0.4775988231299453,0.2878764069425329,0.4265187226668886
13,246,Mokokchung,Nagaland,1.0,0.2798511689472746,0.2911801728818306,0.2861224598547275,0.6248873682730898
13,247,Mon,Nagaland,1.0,0.2160022006132637,0.31734951135304834,0.1850346795637477,0.4603250799401304
9,171,Moradabad,Uttar Pradesh,0.368421052631579,0.40824190691333223,0.652706053657243,0.36324884250422423,0.6022171653362252
24,673,Morbi,Gujarat,0.631578947368421,0.3901622213056518,0.3960256213389063,0.39221009871178447,0.5686707099882085
23,417,Morena,Madhya Pradesh,0.368421052631579,0.2640944768433759,0.5407065009363371,0.33170096352206413,0.36782490750669605
36,720,Mulugu,Telangana,0.368421052631579,0.47588984769100795,0.4559664325136942,0.35252201517051807,0.5396117560279841
27,482,Mumbai,Maharashtra,1.0,0.3888441993694574,0.4086421472692278,0.7597037009749983,0.7329911790860639
27,483,Mumbai Suburban,Maharashtra,1.0,0.6292168744149929,0.4822641578498829,0.7352099704464339,0.7204918062475509
22,647,Mungeli,Chhattisgarh,0.368421052631579,0.3034004899638421,0.5413187208914425,0.29560164961380575,0.41692978013798687
10,207,Munger,Bihar,1.0,0.33188050829509574,0.4763446770267675,0.48604377396373766,0.40238309990965226
19,319,Murshidabad,West Bengal,1.0,0.5000741020291926,0.554735620486205,0.32054253227271984,0.4324681621422334
9,172,Muzaffarnagar,Uttar Pradesh,0.368421052631579,0.41475097952379314,0.5257623233538824,0.37538706194413296,0.6095249551468298
10,208,Muzaffarpur,Bihar,1.0,0.34466387992606956,0.5810015206808885,0.5461376490545047,0.359151686979448
29,545,Mysuru,Karnataka,0.368421052631579,0.44078646967180407,0.48273961211787436,0.34647617860319896,0.7162262271830079
21,366,Nabarangpur,Odisha,0.368421052631579,0.3486239806988981,0.5502563954857963,0.23306556854215787,0.3012395888652676
19,320,Nadia,West Bengal,1.0,0.5243395574758265,0.49587110371609167,0.4068237507272714,0.5512031033494758
18,297,Nagaon,Assam,1.0,0.33680375742533253,0.47559799379201784,0.31063811387844237,0.4743183670075005
33,579,Nagapattinam,Tamil Nadu,0.368421052631579,0.41858471408073156,0.28931191499910225,0.3856197059420245,0.5262607275244027
36,694,Nagarkurnool,Telangana,1.0,0.4627861308529732,0.4913329781031046,0.29158654291767644,0.5228634826759069
8,110,Nagaur,Rajasthan,0.368421052631579,0.34633744643512027,0.46711323820056366,0.24547616539083045,0.3612517410820498
27,484,Nagpur,Maharashtra,1.0,0.33728840551379624,0.5507764412222642,0.44399659183801476,0.7628911487124264
5,51,Nainital,Uttarakhand,0.368421052631579,0.4195891352300571,0.4499806652028611,0.34563719719947283,0.8072576587674707
10,209,Nalanda,Bihar,1.0,0.23219488072357977,0.6373987412414143,0.4806940898880939,0.3592938367454641
18,298,Nalbari,Assam,1.0,0.3921504372207485,0.37069291214917177,0.3326415762364511,0.4754306775664562
36,514,Nalgonda,Telangana,1.0,0.4048839602124527,0.5376728573996636,0.37481045681236014,0.5456091137685173
33,580,Namakkal,Tamil Nadu,0.368421052631579,0.3751422264768984,0.19340260671078333,0.4034199832732739,0.6097939945042574
11,227,Namchi,Sikkim,0.368421052631579,0.3783181041681318,0.06361503938400706,0.25808653926247727,0.7712364960135993
12,678,Namsai,Arunachal Pradesh,0.368421052631579,0.30115811273522586,0.3455326397346373,0.23485873514059008,0.512149104666456
27,485,Nanded,Maharashtra,1.0,0.24323779682497165,0.4522884919985879,0.3614711718287595,0.4595560030575515
27,486,Nandurbar,Maharashtra,1.0,0.32013261380903046,0.6287775937623028,0.2865235197610556,0.41122188295658096
28,755,Nandyal,Andhra Pradesh,0.368421052631579,0.48270452226226696,0.5791075204017663,0.25068502696356726,0.6394229198245391
36,721,Narayanpet,Telangana,0.368421052631579,0.44863293378345825,0.5367820053547079,0.29158654291767644,0.45569075747299104
22,637,Narayanpur,Chhattisgarh,0.368421052631579,0.2451082089990146,0.49134881788055096,0.15763007215513228,0.271661004552276
24,452,Narmada,Gujarat,1.0,0.23637778928911332,0.4825217984896467,0.3064883406004738,0.3595215607532595
23,409,Narmadapuram,Madhya Pradesh,0.368421052631579,0.2861148398874966,0.46774170998686015,0.3134721200571405,0.4748496509908724
23,418,Narsimhapur,Madhya Pradesh,0.368421052631579,0.3949836991570813,0.543080558814437,0.33972820900733336,0.4623214674521168
27,487,Nashik,Maharashtra,1.0,0.4012148834451856,0.6896211644051631,0.4344281560244512,0.5188137679369562
24,453,Navsari,Gujarat,1.0,0.36383914372715026,0.537525316445233,0.47475866714902715,0.5474018033106816
10,210,Nawada,Bihar,1.0,0.21291046268756383,0.4795636786990924,0.46786730340636096,0.31796888287336117
21,367,Nayagarh,Odisha,0.368421052631579,0.35481315294104054,0.29638566241319797,0.3113351844153444,0.27567893759331413
8,773,Neem Ka Thana,Rajasthan,0.0,0.37859216492666886,0.44014180314683904,0.26496466305808736,0.47325105596064687
23,419,Neemuch,Madhya Pradesh,0.368421052631579,0.38813037794729816,0.5569082797921968,0.3144913144715941,0.31750282528233564
7,79,New Delhi,Delhi,0.368421052631579,0.2890341388124075,0.3690168319774342,0.59667326183185,0.8251464826167068
35,603,Nicobars,Andaman And Nicobar Islands,0.368421052631579,0.3673272229112268,0.11507729939169213,0.22730421743502455,0.8933130462381846
36,680,Nirmal,Telangana,1.0,0.4086458091999957,0.39373782459792883,0.30194526179587744,0.45983587358535216
13,764,Niuland,Nagaland,0.368421052631579,0.27203785034823347,0.39380610263234866,0.4002490136091079,0.5151546974811524
23,722,Niwari,Madhya Pradesh,0.368421052631579,0.3312168645064768,0.5645436951337178,0.29845096372521523,0.15490922147942024
36,516,Nizamabad,Telangana,1.0,0.46214419678644714,0.4691357888582346,0.3396673081962231,0.5874078081987504
13,736,Noklak,Nagaland,0.368421052631579,0.21009345400224175,0.36458386103520296,0.21583856495682618,0.5388823356971388
14,714,Noney,Manipur,0.368421052631579,0.3844421747731165,0.3327331516992939,0.24536879589442476,0.3546091581477111
7,80,North,Delhi,0.368421052631579,0.3748438019550191,0.24961039626403358,0.5971847163543491,0.828527736236752
19,303,North 24 Parganas,West Bengal,0.368421052631579,0.6201560964323247,0.4082183641963818,0.4649590025258826,0.6567949875659371
35,632,North And Middle Andaman,Andaman And Nicobar Islands,0.368421052631579,0.3906203652366649,0.1456906303756234,0.2507626237694749,0.5806626099659523
7,81,North East,Delhi,0.368421052631579,0.5106742110949594,0.6039115601095502,0.5630445470400767,0.8857085583495528
17,656,North Garo Hills,Meghalaya,1.0,0.2843754998658139,0.26527924112124646,0.2696308318391506,0.32567593021586383
30,551,North Goa,Goa,1.0,0.5200873280613506,0.3460851175288227,0.5122618854847643,0.8039033628586454
16,270,North Tripura,Tripura,1.0,0.44559587287241453,0.35747853027371485,0.3259174483386714,0.4534083218091147
7,82,North West,Delhi,0.368421052631579,0.4669387576495461,0.33268922844504256,0.5261632351764465,0.7207163023676817
28,749,Ntr,Andhra Pradesh,0.368421052631579,0.6502095073908398,0.4091676333768546,0.42838815888073406,0.6849334501983528
21,368,Nuapada,Odisha,0.368421052631579,0.2815334939929691,0.5119895980879483,0.25037750824968635,0.302382863270071
6,604,Nuh,Haryana,0.368421052631579,0.3209979941984272,0.6009495324529127,0.43494746613689855,0.37491047878737815
12,723,Pakke Kessang,Arunachal Pradesh,0.368421052631579,0.3408722844724528,0.24112063672154768,0.16521917746092438,0.39864892119147066
20,337,Pakur,Jharkhand,0.368421052631579,0.26097653091113115,0.6597043089689372,0.2373400790908318,0.232674736108234
11,741,Pakyong,Sikkim,0.368421052631579,0.4508856752720903,0.27406776613905875,0.27607233539083864,0.7967517363260518
32,563,Palakkad,Kerala,1.0,0.6469966545020481,0.42314370038019194,0.44444287827840456,0.6915633147398512
20,338,Palamu,Jharkhand,0.368421052631579,0.28581954691558,0.5350800453549026,0.3371748593252628,0.2625622205725166
27,665,Palghar,Maharashtra,1.0,0.4461880802231354,0.650626726770613,0.4741294110245542,0.6851387674870644
8,111,Pali,Rajasthan,0.368421052631579,0.29494414454564344,0.465414100105836,0.27670921399174003,0.44862717173255395
28,751,Palnadu,Andhra Pradesh,0.368421052631579,0.6242437168700503,0.4025564716608972,0.3518550295796053,0.641752067573504
6,619,Palwal,Haryana,0.368421052631579,0.35545383809581577,0.4958826781579274,0.49506565839364763,0.6219757186149173
24,454,Panch Mahals,Gujarat,0.368421052631579,0.34044694396300634,0.5575125402083785,0.3307243556860493,0.3190864326169889
6,70,Panchkula,Haryana,0.368421052631579,0.35649168644601953,0.10570028007506413,0.5305795409510143,0.9153807539647092
23,785,Pandhurna,Madhya Pradesh,0.368421052631579,0.31211327110168124,0.4940144675507644,0.2758824355692535,0.3506947056778409
6,71,Panipat,Haryana,0.368421052631579,0.36427119414333137,0.2297837806657606,0.39412817012781026,0.8357121244190602
23,420,Panna,Madhya Pradesh,0.368421052631579,0.34588793244571236,0.5097299472362701,0.2736583013613826,0.2022278035714789
12,237,Papum Pare,Arunachal Pradesh,0.368421052631579,0.37453440986232345,0.2976516553221212,0.3115389344140208,0.7324978019308364
27,489,Parbhani,Maharashtra,1.0,0.30975539844540223,0.4753894125719194,0.3340119100401875,0.38919514134911765
28,743,Parvathipuram Manyam,Andhra Pradesh,0.0,0.5490407864179254,0.4658305659162739,0.3223221862972324,0.5922931501984161
19,704,Paschim Bardhaman,West Bengal,0.368421052631579,0.5528465341739006,0.6034732970948034,0.3794736465294877,0.5445714066593497
19,318,Paschim Medinipur,West Bengal,1.0,0.49101457545885907,0.5384203798101753,0.34638931222247904,0.41577428628973556
10,211,Pashchim Champaran,Bihar,1.0,0.2922056194243582,0.6222668135024544,0.3283413810618955,0.293667875365796
24,455,Patan,Gujarat,1.0,0.3024418538140929,0.42026481760745704,0.3104320089424385,0.5185664443706361
32,564,Pathanamthitta,Kerala,1.0,0.6442797864925579,0.3527468560393169,0.4570704136762048,0.6381377855597632
3,662,Pathankot,Punjab,0.368421052631579,0.4890807623032325,0.3896465816793596,0.3845095338284501,0.6639201496368388
3,41,Patiala,Punjab,0.368421052631579,0.44809285289588147,0.614315249146082,0.46661743243952325,0.82667489406637
10,212,Patna,Bihar,1.0,0.40880951715726993,0.5090684161559713,0.6335310752549382,0.47281376493367294
5,52,Pauri Garhwal,Uttarakhand,0.368421052631579,0.35168012014295785,0.5146082481478476,0.3063497279283184,0.677294896157347
36,682,Peddapalli,Telangana,1.0,0.4851986197115876,0.4843121603834724,0.41052971390697873,0.5848049623991601
33,581,Perambalur,Tamil Nadu,0.368421052631579,0.3796478508365766,0.3627092171724369,0.38804230634184056,0.4179775057431309
13,613,Peren,Nagaland,1.0,0.22266314939761944,0.26433894575396627,0.2390992972202151,0.5442495910841958
8,772,Phalodi,Rajasthan,0.368421052631579,0.3462373895987474,0.45404711678138476,0.2876175256291928,0.47516272795202347
13,248,Phek,Nagaland,1.0,0.2917020559736417,0.2579540810342817,0.23399827568802295,0.5918909014359068
14,715,Pherzawl,Manipur,0.368421052631579,0.45922519090810987,0.21318812803596932,0.27206888511188915,0.45082061421482805
9,173,Pilibhit,Uttar Pradesh,0.368421052631579,0.3950227963346921,0.5318884749088391,0.3340311262108818,0.4899633409290224
5,53,Pithoragarh,Uttarakhand,0.368421052631579,0.3524448939985334,0.23034426987678996,0.25081140757012976,0.6251957485582185
34,600,Pondicherry,Puducherry,0.368421052631579,0.4172287684550387,0.4481278334489906,0.4800389259422295,0.8302097776054498
1,10,Poonch,Jammu And Kashmir,0.368421052631579,0.1836073174267918,0.36707378983968175,0.27500440517483243,0.32455661639548117
24,456,Porbandar,Gujarat,1.0,0.33329015799285505,0.3186281180342312,0.3729632001198944,0.6233842762780695
28,517,Prakasam,Andhra Pradesh,1.0,0.6157548776939404,0.4489519277984565,0.2734195587928903,0.5446942095916139
8,629,Pratapgarh,Rajasthan,0.368421052631579,0.24977287517951788,0.5787031071989194,0.20396810294749004,0.2307227069827872
9,174,Pratapgarh,Uttar Pradesh,0.368421052631579,0.31448596896877185,0.5500443482632076,0.40980776314338374,0.3119870436183976
9,120,Prayagraj,Uttar Pradesh,0.368421052631579,0.39606224824021524,0.6625969834117104,0.44432904008337104,0.42807483243677225
33,582,Pudukkottai,Tamil Nadu,0.368421052631579,0.3742203451467086,0.3723984083025234,0.37088173466147206,0.4504174091972922
1,11,Pulwama,Jammu And Kashmir,1.0,0.27358095301239116,0.3383395298159714,0.3008385179361329,0.6295386141664332
27,490,Pune,Maharashtra,1.0,0.47530484555761127,0.5919450223066701,0.5915797470973491,0.7398352277857629
19,306,Purba Bardhaman,West Bengal,0.368421052631579,0.5528465341739006,0.6034732970948034,0.3794736465294877,0.5445714066593497
19,317,Purba Medinipur,West Bengal,1.0,0.50190581442277,0.5444148665134224,0.41053554398950387,0.4680307968173971
10,213,Purbi Champaran,Bihar,0.368421052631579,0.3517621689422512,0.612445533903492,0.5012143079038481,0.3085772404405637
21,369,Puri,Odisha,0.368421052631579,0.4342827721040149,0.4398338596786129,0.4213133699298297,0.3984901730561505
10,214,Purnia,Bihar,1.0,0.3622130814382185,0.5656075163234231,0.3911440766564461,0.26527440935856905
19,321,Purulia,West Bengal,0.368421052631579,0.3362100254133705,0.6454538167845915,0.21406167583389418,0.21729799475442438
9,175,Rae Bareli,Uttar Pradesh,0.368421052631579,0.3177579473928068,0.5173956031787609,0.3761627780229886,0.361571850355524
29,546,Raichur,Karnataka,1.0,0.23535421185333288,0.5049043720004113,0.2486763672995887,0.4176409357324178
27,491,Raigad,Maharashtra,0.368421052631579,0.39720021499143554,0.6145616976545623,0.488512298825911,0.72406648824805
22,386,Raigarh,Chhattisgarh,0.368421052631579,0.4242041021504947,0.5011023151600577,0.2720645701115981,0.3322213514430188
22,387,Raipur,Chhattisgarh,0.368421052631579,0.39161294131688784,0.51235687729554,0.36751576647430684,0.44382249107442207
23,421,Raisen,Madhya Pradesh,0.368421052631579,0.2668598102979809,0.526451340022874,0.31792286618633314,0.42230429658044705
36,683,Rajanna Sircilla,Telangana,1.0,0.507746785376884,0.4400519618712832,0.41052971390697873,0.5876043984473456
23,422,Rajgarh,Madhya Pradesh,0.368421052631579,0.2492411559596352,0.4693880129390471,0.2760707265826174,0.1497147945709033
24,457,Rajkot,Gujarat,1.0,0.40509427646002505,0.4618573726080625,0.49497284119019824,0.6976245453027974
22,388,Rajnandgaon,Chhattisgarh,0.368421052631579,0.2630006037907865,0.4775988231299453,0.2878764069425329,0.4265187226668886
1,12,Rajouri,Jammu And Kashmir,1.0,0.1750579972940066,0.5241173022781055,0.2859317636679334,0.2731928431477603
8,112,Rajsamand,Rajasthan,0.368421052631579,0.29375711287665024,0.4337515243154011,0.29519112700924366,0.34150942984851257
29,631,Ramanagara,Karnataka,1.0,0.4908021625090838,0.3564668953917371,0.41267606143633156,0.5975858142483103
33,583,Ramanathapuram,Tamil Nadu,0.368421052631579,0.39516665653293437,0.3136446471870822,0.3664569537691249,0.401380188433619
1,621,Ramban,Jammu And Kashmir,1.0,0.14304220604695342,0.366122191185522,0.20487900800444672,0.2181217235493558
20,607,Ramgarh,Jharkhand,0.368421052631579,0.286390213751481,0.5302945079938064,0.3563216305163981,0.30210972506608447
9,176,Rampur,Uttar Pradesh,0.368421052631579,0.36493595275987967,0.6482402715424248,0.30461899643787405,0.609062984447398
20,339,Ranchi,Jharkhand,0.368421052631579,0.3942484146769321,0.5827703892202223,0.4382152411095955,0.3338598146279925
36,518,Ranga Reddy,Telangana,1.0,0.5924698295831643,0.45437607852076306,0.5361701950464982,0.7686381887951145
33,731,Ranipet,Tamil Nadu,0.368421052631579,0.4654686113830136,0.5331163257623096,0.3994177419761334,0.5634670391944553
23,423,Ratlam,Madhya Pradesh,0.368421052631579,0.35684594566410216,0.5369170781319093,0.34944298121769907,0.4037066001321846
27,492,Ratnagiri,Maharashtra,1.0,0.4996383590113759,0.4269958412146244,0.30700970737481503,0.6268785395747178
21,370,Rayagada,Odisha,0.368421052631579,0.3213864187803948,0.5643394421909648,0.19350673550160424,0.3287928609696156
1,627,Reasi,Jammu And Kashmir,1.0,0.1434122285795961,0.22476801991898296,0.21283513369042817,0.30424749334703666
23,424,Rewa,Madhya Pradesh,0.368421052631579,0.3130209799811659,0.5014478025349935,0.36908260223111217,0.303493704820759
6,72,Rewari,Haryana,0.368421052631579,0.3913549617118176,0.3200679537626355,0.41763347948020657,0.6875919064526326
17,276,Ri Bhoi,Meghalaya,0.368421052631579,0.22245118793083649,0.43516243582024383,0.2405579621242379,0.43607873266997343
6,73,Rohtak,Haryana,0.368421052631579,0.33592210196136196,0.35111307912249573,0.4035665118047872,0.8269919008718554
10,215,Rohtas,Bihar,1.0,0.2383080223693842,0.5645153781341462,0.47346905669179595,0.4085452548656965
5,54,Rudra Prayag,Uttarakhand,0.368421052631579,0.274071805166568,0.40088056208606065,0.25818208568576717,0.6779283898546526
3,42,Rupnagar,Punjab,0.368421052631579,0.45262257484995616,0.16746882966310522,0.46379404351319875,0.8013634457642702
24,458,Sabar Kantha,Gujarat,0.368421052631579,0.32763386666350364,0.5077648581865704,0.3480128166732235,0.44618120615516993
23,425,Sagar,Madhya Pradesh,0.368421052631579,0.4302072574305216,0.567801995184067,0.31193444841855966,0.30695235045911573
9,177,Saharanpur,Uttar Pradesh,0.368421052631579,0.3879655323934991,0.5812204983978879,0.4190961367017594,0.5878654717605698
10,216,Saharsa,Bihar,1.0,0.22915911903562536,0.4819298752920035,0.4193911488546458,0.2856790349637026
20,340,Sahebganj,Jharkhand,0.368421052631579,0.2706952951826667,0.5135386429530333,0.27233939169746396,0.21574071640452194
15,727,Saitual,Mizoram,0.0,0.35704457486522934,0.22729950759414505,0.274111108147398,0.6807338947509535
22,762,Sakti,Chhattisgarh,0.368421052631579,0.3570278583560549,0.5373457259187657,0.24109730804608903,0.342080674235973
33,584,Salem,Tamil Nadu,0.368421052631579,0.45445476384565214,0.48393350278625313,0.37366439912883725,0.6055493045608917
8,777,Salumbar,Rajasthan,0.368421052631579,0.29958791873258944,0.5333579145376607,0.2782371567724859,0.3097186465497124
10,217,Samastipur,Bihar,1.0,0.3223786330953317,0.6164960850099437,0.5123177745517654,0.3098726407992804
1,624,Samba,Jammu And Kashmir,1.0,0.30909519417003783,0.32414624440820505,0.3958482345383907,0.5449350919201237
21,371,Sambalpur,Odisha,0.368421052631579,0.34631824759269075,0.519929236987787,0.32154049078145414,0.37094274641516567
9,659,Sambhal,Uttar Pradesh,0.0,0.3866752010073341,0.44726487303817297,0.40598224996336446,0.4390838309950126
8,779,Sanchore,Rajasthan,0.368421052631579,0.28813073029815595,0.5043809216302925,0.2080740031656736,0.3520968451325251
36,691,Sangareddy,Telangana,1.0,0.43881790691635797,0.4405340769090065,0.42219873236128946,0.5617947753799863
27,493,Sangli,Maharashtra,1.0,0.48979937615463454,0.3603156975745317,0.41748226574611924,0.6900860521821293
3,43,Sangrur,Punjab,0.368421052631579,0.4669853593324415,0.5675667203840492,0.40470438691553584,0.7782149774972489
9,178,Sant Kabir Nagar,Uttar Pradesh,0.368421052631579,0.40556142533075573,0.6855248161354995,0.37522297054317044,0.37744457282945587
20,341,Saraikela Kharsawan,Jharkhand,0.368421052631579,0.3571146774101411,0.499810496578299,0.3444387190981506,0.2700587686600766
10,218,Saran,Bihar,1.0,0.3675052099715675,0.5427069357847594,0.537229668220229,0.2888710777914385
22,763,Sarangarh-Bilaigarh,Chhattisgarh,0.0,0.36889774912926987,0.43355531961419824,0.27538996644528557,0.39299369313506494
3,608,SAS Nagar,Punjab,0.368421052631579,0.4058232080072461,0.4561793730069872,0.7458588247401123,0.8716591440704444
27,494,Satara,Maharashtra,1.0,0.4526305331340241,0.5583722467670461,0.3943137779035596,0.6860280474469717
23,426,Satna,Madhya Pradesh,0.368421052631579,0.35133286028369753,0.5417202018153818,0.36358914812856774,0.35998225105108383
8,113,Sawai Madhopur,Rajasthan,0.368421052631579,0.2813278017263407,0.5228438030892836,0.2027819611252775,0.34962122639443494
23,427,Sehore,Madhya Pradesh,0.368421052631579,0.2778985698573566,0.4707975355301027,0.3097287598497663,0.4124778353178203
14,257,Senapati,Manipur,1.0,0.33528667418936153,0.28980050344013025,0.24536879589442476,0.3722871451990981
23,428,Seoni,Madhya Pradesh,0.368421052631579,0.31431766974264863,0.5433562074415788,0.2832930191137253,0.26300863109320405
16,653,Sepahijala,Tripura,1.0,0.4711258660478994,0.3132339832323406,0.34421048127972154,0.5992577917651446
15,268,Serchhip,Mizoram,1.0,0.33462488152087105,0.22841232151200563,0.3071791504754867,0.7497638556043749
7,671,Shahdara,Delhi,0.0,0.36193866517536516,0.4208708490335737,0.588629405458763,0.7386171400400389
23,429,Shahdol,Madhya Pradesh,0.368421052631579,0.3237734411830646,0.47897194093483014,0.2881706607267981,0.14819099396601915
3,40,Shahid Bhagat Singh Nagar,Punjab,0.368421052631579,0.43199118043316903,0.12275608165709816,0.5184521786797578,0.7579442924747176
9,180,Shahjahanpur,Uttar Pradesh,0.368421052631579,0.3541188959030404,0.629457617256408,0.3456303475933066,0.4755800786295543
8,780,Shahpura,Rajasthan,0.368421052631579,0.28117969857401476,0.5272392243703364,0.2858164892197772,0.3750018677566036
23,430,Shajapur,Madhya Pradesh,0.368421052631579,0.2880810699230687,0.5053173701009281,0.2866810223555164,0.3295992199224832
13,765,Shamator,Nagaland,0.368421052631579,0.21009345400224175,0.36458386103520296,0.21583856495682618,0.5388823356971388
9,660,Shamli,Uttar Pradesh,0.368421052631579,0.41475097952379314,0.5257623233538824,0.37538706194413296,0.6095249551468298
10,219,Sheikhpura,Bihar,1.0,0.18634385366127273,0.5807602382880593,0.5400760586182217,0.3503603914693372
10,220,Sheohar,Bihar,1.0,0.13692141211884853,0.5517081194245265,0.4939375979920231,0.349203178574949
23,431,Sheopur,Madhya Pradesh,0.368421052631579,0.24070930505945795,0.4718185835837222,0.21785266323895822,0.2824333124386606
12,725,Shi Yomi,Arunachal Pradesh,0.368421052631579,0.40791474958778146,0.15934365591268784,0.19991167401756713,0.6338366656196841
2,23,Shimla,Himachal Pradesh,1.0,0.2772220096256911,0.3493282130711041,0.3081083791254084,0.7840477216531264
29,547,Shivamogga,Karnataka,0.368421052631579,0.4652859140585543,0.2495811921179995,0.32923766247145636,0.6333605300946991
23,432,Shivpuri,Madhya Pradesh,0.368421052631579,0.2850671675435574,0.5193633963752078,0.27822147793988955,0.14810537636332083
1,625,Shopian,Jammu And Kashmir,0.368421052631579,0.28322983766845133,0.385959179304148,0.2683057440520154,0.5619512295207899
9,181,Shrawasti,Uttar Pradesh,0.368421052631579,0.3625758706462167,0.5636151078014102,0.30173425339183346,0.34517640857857335
15,267,Siaha,Mizoram,0.368421052631579,0.26602163774709026,0.22740052238509254,0.26987189804991674,0.6002653474781802
12,679,Siang,Arunachal Pradesh,0.0,0.32741961197092745,0.38994898063013983,0.19158909840520272,0.5064869758880278
9,182,Siddharthnagar,Uttar Pradesh,0.368421052631579,0.4424941955072397,0.5392373423267147,0.3200867726696417,0.37415310998890977
36,692,Siddipet,Telangana,0.631578947368421,0.49644639049507355,0.48870143215877243,0.3723584474894763,0.5980268046322886
23,433,Sidhi,Madhya Pradesh,0.368421052631579,0.28664770615456175,0.4851687345416421,0.3090335480160621,0.12026211292493266
8,114,Sikar,Rajasthan,0.368421052631579,0.354205342671394,0.4357637098057684,0.27088717367058773,0.5678334313016973
20,342,Simdega,Jharkhand,0.368421052631579,0.2640078469916605,0.4677434112280605,0.24559249480469064,0.055057586566073034
27,495,Sindhudurg,Maharashtra,1.0,0.5178136394762478,0.3822361250001611,0.33302603344705367,0.46132135221944354
23,638,Singrauli,Madhya Pradesh,0.368421052631579,0.2913923831753463,0.43713363944353867,0.2908272749925759,0.06758237338477749
2,24,Sirmaur,Himachal Pradesh,1.0,0.22553882981082798,0.3665118783640563,0.28939071504580205,0.7035841328887769
8,115,Sirohi,Rajasthan,0.368421052631579,0.24536543916537862,0.48000407639695136,0.2629509269764209,0.45830039465555533
6,74,Sirsa,Haryana,0.368421052631579,0.3492744352498372,0.5025251444682202,0.3007056713370092,0.8999437453812577
10,221,Sitamarhi,Bihar,1.0,0.3065376218200402,0.5689549128211414,0.4860752682004472,0.32484731073916817
9,183,Sitapur,Uttar Pradesh,0.368421052631579,0.3583468107401788,0.7974104809323799,0.3722812999197734,0.37406241851311467
33,585,Sivaganga,Tamil Nadu,0.368421052631579,0.36928375166565575,0.21707367233572003,0.37146751219742546,0.5143524859830738
18,300,Sivasagar,Assam,1.0,0.45413004577038607,0.32020982634036016,0.2501675241023487,0.5443879874241662
10,222,Siwan,Bihar,1.0,0.29848137274159114,0.6367144423652042,0.5486220650399269,0.3246209785165499
2,25,Solan,Himachal Pradesh,1.0,0.29098563489919305,0.41502521265251213,0.4111611310435189,0.7594680904647746
27,496,Solapur,Maharashtra,1.0,0.43200864109824155,0.4996899859050654,0.40424207798508444,0.5124708196467482
9,184,Sonbhadra,Uttar Pradesh,0.368421052631579,0.31575521978618254,0.6227676458814109,0.2902673831548742,0.32101447131287
21,372,Sonepur,Odisha,0.368421052631579,0.27713653203350824,0.5721589247333854,0.2986989441890564,0.29421276631905136
6,75,Sonipat,Haryana,0.368421052631579,0.33589474301742533,0.388704410306562,0.46898428298854716,0.7258332189923724
18,301,Sonitpur,Assam,1.0,0.3675487685984029,0.377035591478202,0.2857547019944458,0.39233591020474007
11,742,Soreng,Sikkim,0.368421052631579,0.39573161655247574,0.059236072466913016,0.22632970775169775,0.6880405341654763
7,83,South,Delhi,0.368421052631579,0.4172318010611197,0.22805875592215,0.5594518610434199,0.6969612691023686
19,304,South 24 Parganas,West Bengal,0.368421052631579,0.5253001650659214,0.6538445093461069,0.384993576172972,0.5493494179555045
35,602,South Andamans,Andaman And Nicobar Islands,0.368421052631579,0.4232796993067159,0.12094332976385733,0.2713976604788233,0.8777788670057853
7,670,South East,Delhi,0.0,0.36193866517536516,0.4208708490335737,0.588629405458763,0.7386171400400389
17,277,South Garo Hills,Meghalaya,1.0,0.21753252965796516,0.354548976387271,0.24536662377002916,0.35029278029318967
30,552,South Goa,Goa,1.0,0.5295068146007795,0.2686464615530216,0.4278337176547605,0.8249085475041091
18,707,South Salmara Mancachar,Assam,1.0,0.18751904650486828,0.46022611855564954,0.29761229085509533,0.38879562924416444
16,271,South Tripura,Tripura,1.0,0.4891139893172713,0.38824533829223506,0.30780097991370453,0.5073997761041206
7,84,South West,Delhi,0.368421052631579,0.39963465632521517,0.16091077288581088,0.6794573257373562,0.72986604753198
17,663,South West Garo Hills,Meghalaya,0.631578947368421,0.20882256753443557,0.5388993473466913,0.2317446281657396,0.2918691932801717
17,658,South West Khasi Hills,Meghalaya,1.0,0.24475217422922793,0.4968071982856762,0.21049478984377362,0.4854174727622538
3,39,Sri Muktsar Sahib,Punjab,0.368421052631579,0.44788127559360963,0.6298951549169812,0.281571755251968,0.7562733220745126
28,515,Sri Potti Sriramulu Nellore,Andhra Pradesh,1.0,0.5383398083514657,0.49045876954913764,0.2928044563498451,0.5754762549400179
28,754,Sri Sathya Sai,Andhra Pradesh,0.368421052631579,0.5288466525936919,0.6012993131516049,0.2696076750765531,0.46229401448466967
28,519,Srikakulam,Andhra Pradesh,1.0,0.4252118791135463,0.3740815732881988,0.31463399065645253,0.3828755813599794
1,13,Srinagar,Jammu And Kashmir,1.0,0.2207818653553587,0.31062543386680297,0.39019597672616324,0.8452352130558978
22,642,Sukma,Chhattisgarh,0.368421052631579,0.29411012068522996,0.6102990756928888,0.18789428038428846,0.3285255048511933
9,185,Sultanpur,Uttar Pradesh,0.368421052631579,0.35972095376027724,0.5629931912533935,0.43873293326542984,0.3417131755159861
21,373,Sundargarh,Odisha,0.368421052631579,0.3561095384749972,0.5442858978611268,0.37116454183176917,0.39846624913121587
10,223,Supaul,Bihar,1.0,0.21260896353960332,0.6205727955536673,0.3689828929692418,0.30507266931678256
22,648,Surajpur,Chhattisgarh,0.368421052631579,0.39641591925142544,0.5418759206122025,0.2544080894715506,0.19237609017574817
24,459,Surat,Gujarat,1.0,0.4582602585625675,0.43395508234264535,0.5848051606823627,0.749098514682541
24,460,Surendranagar,Gujarat,1.0,0.31488141892236376,0.5045994234898619,0.3328682264775566,0.48774058802790154
22,389,Surguja,Chhattisgarh,0.368421052631579,0.39641591925142544,0.5418759206122025,0.2544080894715506,0.19237609017574817
36,696,Suryapet,Telangana,1.0,0.5256592544172983,0.520967128706114,0.37481045681236014,0.5539954041778254
14,258,Tamenglong,Manipur,1.0,0.3372682264973492,0.2887936910670676,0.20925701138796127,0.27907308039863155
18,756,Tamulpur,Assam,0.368421052631579,0.348019738555,0.41057593291126976,0.26423738873652497,0.36803403681651525
24,641,Tapi,Gujarat,1.0,0.3666032255426473,0.5066173700887828,0.31159650268746175,0.44507078318397797
3,609,Tarn Taran,Punjab,0.368421052631579,0.46268705654615827,0.41523588792098165,0.3139376225170592,0.6471108381593513
12,238,Tawang,Arunachal Pradesh,0.368421052631579,0.410543415084418,0.11660072762752056,0.18232687166435918,0.6663268900083992
5,55,Tehri Garhwal,Uttarakhand,0.368421052631579,0.24845810276242503,0.47337002374152926,0.24386964817636486,0.60763581209106
14,716,Tengnoupal,Manipur,0.368421052631579,0.4089064815478317,0.24371729234735692,0.24597681517729308,0.3455138807402234
33,733,Tenkasi,Tamil Nadu,0.368421052631579,0.4579149091895213,0.40256338324017577,0.39289132256945225,0.6869099229379276
27,497,Thane,Maharashtra,1.0,0.5356251096496939,0.4807259276207213,0.4741294110245542,0.7166304393154107
33,586,Thanjavur,Tamil Nadu,0.368421052631579,0.45502408702388186,0.5540127009516531,0.42448924062059384,0.5577324174059766
33,587,The Nilgiris,Tamil Nadu,0.368421052631579,0.39907478825727954,0.48344847457723644,0.2856676011614082,0.6971248675993552
33,588,Theni,Tamil Nadu,0.368421052631579,0.4433768229367241,0.29611577785109316,0.3374916278617506,0.6785251437518569
33,589,Thiruvallur,Tamil Nadu,0.368421052631579,0.4404077706644565,0.32994604153409113,0.6373747848985906,0.6393013550434463
32,565,Thiruvananthapuram,Kerala,1.0,0.6680326939028062,0.4663266419808321,0.651142681072796,0.6735664674477351
33,590,Thiruvarur,Tamil Nadu,0.368421052631579,0.407388713277113,0.43603155820703815,0.393498699515043,0.5138965108005675
33,594,Thoothukkudi,Tamil Nadu,0.368421052631579,0.4150137739487451,0.23366378029794155,0.4463045197790956,0.6487965715443652
14,259,Thoubal,Manipur,1.0,0.4147527329600604,0.2679394785670145,0.4622469569731552,0.3805631425486193
32,566,Thrissur,Kerala,1.0,0.6715429132673999,0.3962150716111218,0.5510441579579395,0.6677698122494928
23,434,Tikamgarh,Madhya Pradesh,0.368421052631579,0.3312168645064768,0.5645436951337178,0.29845096372521523,0.15490922147942024
18,302,Tinsukia,Assam,1.0,0.35957277460120063,0.4097509557894642,0.17834233973901578,0.5004421585650767
12,239,Tirap,Arunachal Pradesh,0.368421052631579,0.24333473422585608,0.3158669952741767,0.16426693178877347,0.4685556784649495
33,591,Tiruchirappalli,Tamil Nadu,0.368421052631579,0.46053185014903186,0.3141278599453327,0.4512354346956841,0.6709859390884159
33,592,Tirunelveli,Tamil Nadu,0.368421052631579,0.4579149091895213,0.40256338324017577,0.39289132256945225,0.6869099229379276
33,732,Tirupathur,Tamil Nadu,0.368421052631579,0.4654686113830136,0.5331163257623096,0.3994177419761334,0.5634670391944553
28,752,Tirupati,Andhra Pradesh,0.0,0.5490407864179254,0.4658305659162739,0.3223221862972324,0.5922931501984161
33,634,Tiruppur,Tamil Nadu,0.368421052631579,0.3635331044127634,0.42316853363990076,0.4762465389019283,0.7351507242600186
33,593,Tiruvannamalai,Tamil Nadu,0.368421052631579,0.3948711393982825,0.5282206060271593,0.34435597050721806,0.49308781363516674
8,116,Tonk,Rajasthan,0.368421052631579,0.24012544575671355,0.44680888099608196,0.23644534689369162,0.3732281639126789
13,757,Tseminyu,Nagaland,0.368421052631579,0.2955727025047699,0.3429774441789224,0.30969518215796543,0.4877081169601704
13,249,Tuensang,Nagaland,1.0,0.1940191620380013,0.3882108542354897,0.21583856495682618,0.4896965846486605
29,548,Tumakuru,Karnataka,0.368421052631579,0.42781880659907323,0.25716047926037056,0.3861162559361311,0.4313777737006037
8,117,Udaipur,Rajasthan,0.368421052631579,0.29958791873258944,0.5333579145376607,0.2782371567724859,0.3097186465497124
18,617,Udalguri,Assam,1.0,0.31749969757322655,0.4098578081886062,0.23995220406417095,0.3672715148691267
5,56,Udam Singh Nagar,Uttarakhand,0.368421052631579,0.4125681650654042,0.5226113238576895,0.4178855062791953,0.6219749014402949
1,14,Udhampur,Jammu And Kashmir,1.0,0.28337816749858835,0.4715485375765953,0.24837020498925194,0.3593791162669412
29,549,Udupi,Karnataka,1.0,0.4630323570989547,0.3540018377601949,0.34970980835101095,0.5256582595415927
23,435,Ujjain,Madhya Pradesh,0.368421052631579,0.3910545841179077,0.4606780396675677,0.3809227801336423,0.5244753421194231
14,260,Ukhrul,Manipur,1.0,0.3074014499419722,0.2853150233017359,0.26702701033062487,0.328835680181823
23,436,Umaria,Madhya Pradesh,0.368421052631579,0.2898287623207042,0.5575743387817356,0.25128425173141716,0.16396680390729435
2,26,Una,Himachal Pradesh,1.0,0.5157994965012905,0.31442766026431324,0.38634833194399454,0.7527442834134432
16,655,Unakoti,Tripura,1.0,0.43319913431507884,0.3856015322456826,0.3259174483386714,0.4310167623668434
9,186,Unnao,Uttar Pradesh,0.368421052631579,0.2998414613693102,0.6960807577548271,0.40006313494519924,0.385154118993374
12,240,Upper Siang,Arunachal Pradesh,0.368421052631579,0.3772256294013856,0.24251050345046746,0.16417609883109818,0.6471668542111603
12,241,Upper Subansiri,Arunachal Pradesh,0.368421052631579,0.41238928090138827,0.2948443450808678,0.17394482646770815,0.5027259450225882
22,381,Uttar Bastar Kanker,Chhattisgarh,0.368421052631579,0.3081394430976653,0.5194452302917782,0.2613122410025817,0.390332135238926
19,311,Uttar Dinajpur,West Bengal,1.0,0.3030985591624808,0.5211177694115567,0.30267722718812906,0.3885704206756103
5,57,Uttar Kashi,Uttarakhand,0.368421052631579,0.27506696872260206,0.5789064266923449,0.23055131258154032,0.5255145280865217
29,550,Uttara Kannada,Karnataka,1.0,0.36892969653866137,0.4544276990644137,0.3058999464834887,0.49174239757044913
24,461,Vadodara,Gujarat,1.0,0.4571656652266781,0.48201672925118544,0.4722413555922425,0.6830477987963364
10,224,Vaishali,Bihar,1.0,0.3207986691379457,0.5606475939919593,0.5720804292328494,0.34329776458992944
24,462,Valsad,Gujarat,1.0,0.35392672844308964,0.38498896625687806,0.4702033398185468,0.552814757068029
9,187,Varanasi,Uttar Pradesh,0.368421052631579,0.34947554784973967,0.6388961964605506,0.6223125782601217,0.5726874000530843
33,595,Vellore,Tamil Nadu,0.368421052631579,0.4654686113830136,0.5331163257623096,0.3994177419761334,0.5634670391944553
23,437,Vidisha,Madhya Pradesh,0.368421052631579,0.38734733456269066,0.4695150538264249,0.2964747425146304,0.35799714734730004
29,738,Vijayanagar,Karnataka,0.368421052631579,0.35760231622673266,0.6141941241242392,0.32246507273451475,0.5448516530941951
29,530,Vijayapura,Karnataka,0.368421052631579,0.3715687394047767,0.6197067571930575,0.3431864946426191,0.3717614270321912
36,698,Vikarabad,Telangana,1.0,0.5098158465442184,0.5527606133084977,0.5361701950464982,0.7236144842999955
33,596,Viluppuram,Tamil Nadu,0.368421052631579,0.3976188512888822,0.5608760469491865,0.347459362384727,0.4851341911868444
33,597,Virudhunagar,Tamil Nadu,0.368421052631579,0.4636136326559872,0.23741346083840498,0.4050503499240944,0.4575514185652422
28,520,Visakhapatnam,Andhra Pradesh,1.0,0.46932915702127265,0.49246850507212103,0.32079919847581595,0.5770734471603973
28,521,Vizianagaram,Andhra Pradesh,1.0,0.4271127715828172,0.42411738456284404,0.2775789408904303,0.43077327303586077
36,693,Wanaparthy,Telangana,1.0,0.4463937862358054,0.468300403306889,0.29158654291767644,0.530463690759885
36,522,Warangal,Telangana,0.368421052631579,0.47588984769100795,0.4559664325136942,0.35252201517051807,0.5396117560279841
27,498,Wardha,Maharashtra,1.0,0.2407565217175751,0.42088409304519137,0.4235101740773309,0.6284055921836628
27,499,Washim,Maharashtra,1.0,0.23683914416599505,0.5635481668299562,0.37081180073431647,0.3067091110613948
32,567,Wayanad,Kerala,1.0,0.48045187568973863,0.3290664990112813,0.3741694358200427,0.6284868566798667
7,85,West,Delhi,0.368421052631579,0.4008982370112524,0.3932660451399155,0.5839075006638018,0.9171575386133497
17,278,West Garo Hills,Meghalaya,1.0,0.2678462080823592,0.4169615568495262,0.25799472606818946,0.4656762494984571
28,523,West Godavari,Andhra Pradesh,1.0,0.6620557238886996,0.38302257758355246,0.400343254869551,0.7339605587797505
17,275,West Jaintia Hills,Meghalaya,1.0,0.2889267589888943,0.47577899688748193,0.18201764968005524,0.34141845850183156
12,242,West Kameng,Arunachal Pradesh,0.368421052631579,0.4194255037887464,0.2439486764557299,0.20789727141891579,0.6593306755087959
18,710,West Karbi Anglong,Assam,1.0,0.2838343969482742,0.426612629674109,0.24032351312229333,0.23118052107708448
17,279,West Khasi Hills,Meghalaya,1.0,0.23269911814268146,0.5361427121243412,0.21049478984377362,0.4514632463153583
12,243,West Siang,Arunachal Pradesh,0.368421052631579,0.40791474958778146,0.15934365591268784,0.19991167401756713,0.6338366656196841
20,343,West Singhbhum,Jharkhand,0.368421052631579,0.3261987236808298,0.5066726102723151,0.2393565510812577,0.1452382706335595
16,272,West Tripura,Tripura,1.0,0.5549788259010898,0.3065270625266835,0.34421048127972154,0.6212923632504957
13,250,Wokha,Nagaland,1.0,0.3435450927255163,0.34796222832132784,0.31737548172980057,0.44512035016996343
36,697,Yadadri Bhuvanagiri,Telangana,1.0,0.4755334185042967,0.4053291317552071,0.37481045681236014,0.5664043961210949
29,635,Yadgir,Karnataka,1.0,0.19696735217517883,0.4395250718087279,0.19374233538950725,0.31121455772535833
6,76,Yamunanagar,Haryana,0.368421052631579,0.3721627480476399,0.20540920083859468,0.4425888086940058,0.8297213337714309
34,601,Yanam,Puducherry,0.368421052631579,0.4225869523679406,0.43613337670178254,0.6514167852095394,0.8929000162133127
27,500,Yavatmal,Maharashtra,1.0,0.25738250314316125,0.4221388835833332,0.3581428086219447,0.41725851090826166
28,504,YSR,Andhra Pradesh,0.368421052631579,0.4903956656992006,0.586519646347972,0.28138298050336447,0.5212154623884319
13,251,Zunheboto,Nagaland,1.0,0.3759977262934891,0.3877390930733239,0.292178722376895,0.5439034548420248
